날짜,rsi,macd,upper band diff,lower band diff,CCI,K,D,volume
2021-01-04,,,,,,,,4120038
2021-01-05,,,,,,,,2863048
2021-01-06,,,,,,,,4173194
2021-01-07,,,,,,,,5166139
2021-01-08,,,,,,,,4133444
2021-01-11,,,,,,,,4981137
2021-01-12,,,,,,,,3264949
2021-01-13,,,,,,,,4524400
2021-01-14,,,,,,,,2769776
2021-01-15,,,,,,,,3345712
2021-01-18,,,,,,,,2860178
2021-01-19,,,,,,,,1983336
2021-01-20,,,,,,,,2345818
2021-01-21,,,,,,13.636363636363635,,2165365
2021-01-22,,,,,,2.083333333333333,,2354910
2021-01-25,,,,,,8.620689655172415,8.113462208289794,2566266
2021-01-26,,,,,,1.4705882352941175,4.058203741266621,3788576
2021-01-27,,,,,,2.73972602739726,4.277001305954598,2071823
2021-01-28,32.49423585424166,,,,,5.681818181818182,3.2973774815031853,2931712
2021-01-29,27.70777515455969,,1270.615750588866,-181.38424941113408,-168.08922026463745,0.0,2.8071814030718136,4586758
2021-02-01,27.115963622309287,,944.4284962405964,198.42849624059727,-111.81458880508724,30.555555555555557,12.07912457912458,2696592
2021-02-02,25.85538752191952,,901.685250459821,267.68525045982096,-79.73969860623606,33.33333333333333,21.296296296296294,1414090
2021-02-03,27.264530737737072,,832.8936996383,344.89369963829995,-63.083706490307016,38.67924528301887,34.189378057302584,1672567
2021-02-04,29.267264845734342,,918.0616715380638,246.06167153806382,-74.1125629052493,32.94117647058823,34.98458502898014,1509279
2021-02-05,33.053725545416306,,746.1653891110145,374.16538911101543,-54.48226282622511,47.05882352941176,39.55974842767296,1725976
2021-02-08,35.23763359139332,,465.6480992786783,631.6480992786774,4.564063073300544,81.48148148148148,53.82716049382716,3918623
2021-02-09,38.827940348842624,,507.5245271331314,559.5245271331314,15.124449343891907,77.63157894736842,68.72396131942055,1984690
2021-02-10,42.06361095046401,,387.61721068787665,580.6172106878776,15.500468616339733,84.21052631578947,81.10786224821312,1598062
2021-02-15,45.64080298919451,,319.8260390208088,549.8260390208097,39.37135152281108,84.21052631578947,82.01754385964911,1449500
2021-02-16,47.890317174969866,,314.7765748892489,507.7765748892489,28.061801144299487,80.26315789473685,82.89473684210526,990855
2021-02-17,50.087319939410435,,245.96140059002028,564.9614005900203,53.23654236726327,88.1578947368421,84.21052631578947,1904397
2021-02-18,51.86752739665742,,312.3316552213455,454.3316552213464,38.66599645188859,75.0,81.14035087719299,1350572
2021-02-19,54.896857616998886,,237.11773223107957,509.11773223107866,27.495545635803804,82.89473684210526,82.01754385964911,1815975
2021-02-22,59.39211944019593,,254.52234567132837,461.52234567132837,51.71530375105676,77.63157894736842,78.50877192982456,1828356
2021-02-23,62.156252897100465,-2.3991780423550315,211.70662247456494,500.70662247456494,66.94203035697028,74.50980392156863,78.3453732370141,1609470
2021-02-24,62.95432402428552,-5.020332040904842,251.70662247456494,460.70662247456494,53.623567122484125,66.66666666666666,72.9360165118679,2002790
2021-02-25,64.5241688136425,1.802517259642217,174.67269707003652,559.6726970700356,63.24194470921239,86.27450980392157,75.81699346405229,1704975
2021-02-26,63.95318807024796,-11.361645118373247,366.8561360317235,362.8561360317244,11.504522424441475,42.22222222222222,65.05446623093682,2858023
2021-03-02,60.971643299229505,-3.979321324694176,303.11158606310164,388.11158606310164,24.661503995109555,41.17647058823529,56.55773420479303,1410580
2021-03-03,58.59207841966463,6.190038937021842,99.05098176565843,413.05098176565934,54.688375376028894,84.375,55.9245642701525,2070910
2021-03-04,58.0682688958551,5.475244800346121,71.80297776555017,423.80297776555017,91.64219473066693,81.57894736842105,69.04347265221878,2495334
2021-03-05,57.359549044278104,6.517340296221056,26.555394124916347,472.55539412491635,130.31988245107152,77.55102040816327,81.16832259219477,3800549
2021-03-08,58.68333630319103,14.704542480295862,-94.72756834684697,690.272431653153,164.85784971893565,100.0,86.3766559255281,4294872
2021-03-09,61.49235674011844,15.252492400211258,-149.6924937139229,827.3075062860762,195.58130203144518,93.5064935064935,90.35250463821893,6055989
2021-03-10,64.97104607246631,6.032640089364666,-71.77777155837612,829.2222284416239,151.34010359940547,93.5064935064935,95.67099567099565,3432807
2021-03-11,68.6087272318866,1.040441713324622,-12.443717116684638,876.5562828833154,160.46606192785026,82.22222222222221,89.74506974506973,4134258
2021-03-12,71.15795745028974,-6.626676661910224,92.8374048627702,827.8374048627702,105.15136021588891,75.5813953488372,83.77003702585098,2416771
2021-03-15,73.11003226034235,-4.380840603446288,94.00617937750394,894.006179377503,115.41311170810688,82.55813953488372,80.12058570198104,2054784
2021-03-16,74.17979970220281,-1.6307184931718783,84.07171496329647,981.0717149632974,112.95745412463016,91.86046511627907,83.33333333333333,2089916
2021-03-17,76.09349576224034,-4.316848328117921,135.13156349294695,985.131563492947,104.58272770613361,93.02325581395348,89.14728682170544,1569225
2021-03-18,76.38547821138275,-5.2629735788042975,173.0608955688458,1000.0608955688458,90.89111328711967,95.34883720930233,93.4108527131783,2824744
2021-03-19,80.68083198042072,-7.561299806552311,225.6139945460036,960.6139945460027,91.72449196072148,87.35632183908046,91.90947162077875,3439439
2021-03-22,83.88051121057308,-8.690553689851262,271.8513876563993,921.8513876563984,73.3944112967852,86.04651162790698,89.58389022542993,1671812
2021-03-23,84.34964701304223,-14.659260393379189,383.445502389337,774.445502389337,55.847157832172904,71.05263157894737,81.4851550153116,1677696
2021-03-24,82.08857475196996,-18.290804145539003,491.677543911097,618.677543911097,25.339990241844923,49.23076923076923,68.77663747920786,1836301
2021-03-25,80.53479766822996,-4.49242772537437,362.0403493266531,688.0403493266531,33.47535002573189,63.63636363636363,61.306588148693415,1780315
2021-03-26,74.2859114193437,-3.7838058069385316,365.6636753686889,640.6636753686889,45.37483981438953,56.52173913043478,56.462957332522556,1481865
2021-03-29,67.29843378070328,0.039595081924849396,283.638219329383,583.638219329383,37.29166399117347,67.3913043478261,62.516469038208164,1730505
2021-03-30,63.60864070123885,3.091885678448577,188.0770229419577,533.0770229419577,58.47388492145937,76.31578947368422,66.74294431731504,1916771
2021-03-31,62.08495312121323,2.33558903941197,147.20016111703626,470.20016111703626,75.34901540750295,81.57894736842105,75.09534706331046,2793161
2021-04-01,59.82322184753209,-3.936105134268511,173.6840024962694,305.6840024962694,50.39940435305286,63.1578947368421,73.6842105263158,1764117
2021-04-02,57.66856719287743,-6.370403019166551,166.14588593175904,159.14588593175904,12.094051321099034,50.0,64.91228070175438,1097836
2021-04-05,55.989834161203234,-1.8251893976883746,110.25803799444111,160.2580379944411,9.353950330414722,60.526315789473685,57.89473684210526,865969
2021-04-06,53.15252042370578,-2.6392856637126583,130.25335809163153,133.25335809163153,14.51579878082021,55.26315789473685,55.26315789473684,1094799
2021-04-07,51.55266488018826,5.277679706485645,34.05536760249743,239.05536760249743,97.69924224863472,82.05128205128204,65.94691857849752,3115090
2021-04-08,50.28466347520056,2.3891814551271247,54.69892438270472,224.69892438270472,112.35440608206328,79.48717948717949,72.26720647773278,1825375
2021-04-09,50.65623634677343,1.1193460032272569,58.53493530671767,208.53493530671767,76.088817784507,79.48717948717949,80.34188034188034,1079881
2021-04-12,53.41412210977428,1.5630007493675464,49.28144253326718,223.28144253326718,81.16952577921724,84.61538461538461,81.19658119658119,962576
2021-04-13,59.138759790933705,1.784217658217833,42.45542018578999,246.45542018579,91.27891248232444,89.74358974358975,84.61538461538461,1100465
2021-04-14,61.17495888595632,-1.9610693529917866,87.53741020570487,206.53741020570487,66.28924042357315,71.42857142857143,81.92918192918194,1242141
2021-04-15,64.22146040703413,3.4454594084822636,25.393587667365864,293.39358766736586,101.22284994571433,96.55172413793103,85.90796177003074,1661051
2021-04-16,64.68322086879458,-4.135242215563055,118.00905860647799,203.009058606478,54.36528379817421,60.0,75.99343185550082,1586954
2021-04-19,62.39489134934379,-2.9198677214228543,121.13311281385177,202.13311281385177,11.70114934562435,60.0,72.18390804597702,1669874
2021-04-20,58.36263328482765,2.480860052707091,61.70147934095439,261.7014793409544,64.18533392687688,88.0,69.33333333333333,1384536
2021-04-21,56.607264470635315,-3.7789016745573383,116.24085267610099,132.24085267610099,40.042471877426884,56.00000000000001,68.0,1530213
2021-04-22,55.8837633322594,3.350194020598146,33.845458632951704,209.8454586329517,83.05002579907033,92.0,78.66666666666667,1890895
2021-04-23,57.91550936400542,6.398890523478857,-15.295959000784933,273.70404099921507,133.13999342837707,93.10344827586206,80.36781609195403,2451178
2021-04-26,62.02578505322848,9.261858769401515,-57.57216049137787,380.4278395086221,202.12269594131112,78.57142857142857,87.89162561576354,2809939
2021-04-27,65.03064585747065,9.290601998513084,-67.17943430463856,478.82056569536144,173.53928610836866,95.23809523809523,88.9709906951286,2416933
2021-04-28,69.29581859323162,12.614614205541232,-108.63797587328736,654.3620241267126,192.52876086490153,85.48387096774194,86.43113159242192,4619085
2021-04-29,70.22343855792427,0.604729731315345,17.456196003444347,578.4561960034443,152.83835123173762,67.16417910447761,82.62871510343827,2944162
2021-04-30,71.75948049763593,9.550027442315265,-79.55382504308363,776.4461749569164,149.81162982354644,94.02985074626866,82.22596693949608,3693510
2021-05-03,70.05441137321198,-7.722241632035386,119.55146196474016,591.5514619647402,108.56415793104387,68.65671641791045,76.61691542288558,2452892
2021-05-04,69.08180863348596,-7.373157557004322,141.0502491841653,567.0502491841653,76.31948233630627,68.65671641791045,77.11442786069652,2122684
2021-05-06,69.22298510407418,33.33381580086534,-283.2152580278271,1304.784741972173,178.53948791430724,100.0,79.1044776119403,8653675
2021-05-07,71.59989512105211,20.014184677183266,-166.38535486249384,1417.6146451375062,183.05606304501515,88.37209302325581,85.67626981372207,3320736
2021-05-10,73.2745871987043,13.636572927545053,-105.42910953730643,1564.5708904626936,152.8802074947326,92.1875,93.51986434108528,3264857
2021-05-11,77.10698551567484,8.726356357788024,-47.226945159358365,1700.7730548406416,143.74227139469014,92.7007299270073,91.08677431675437,2822653
2021-05-12,79.91850384028217,-10.964055600124201,200.2381306453517,1543.2381306453517,104.14277490565009,81.48148148148148,88.7899038028296,2614280
2021-05-13,81.11490023667857,12.1415775764386,-26.74555697460164,1967.2544430253984,130.722448429358,85.46511627906976,86.54910922918619,6847378
2021-05-14,81.33818572312195,3.4506529809348194,81.3802008854691,2029.380200885469,129.14959146094503,87.26114649681529,84.73591475245551,2646200
2021-05-17,81.36468506063852,0.7822612252922276,130.1768462299733,2113.1768462299733,117.79806477844433,93.4640522875817,88.73010502115558,2531553
2021-05-18,81.53283816357423,5.215330330393911,96.70987503790275,2294.7098750379027,126.45489999739834,94.18604651162791,91.63708176534163,2705553
2021-05-20,80.7420667269337,-18.030241082229647,394.8900751659967,2034.8900751659967,102.19127899103509,82.55813953488372,90.06941277803111,2648104
2021-05-21,78.10992888567039,-38.233264115641155,716.2753821000642,1620.2753821000642,63.9811143809424,65.11627906976744,80.62015503875969,2817065
2021-05-24,75.31491997301441,-23.49431597532179,642.7284520983249,1609.7284520983249,56.38605924140755,70.93023255813954,72.86821705426358,1653599
2021-05-25,73.6928939914059,-13.084939301204884,572.3569257309609,1599.356925730961,60.640123252407854,76.74418604651163,70.93023255813954,1769367
2021-05-26,71.86976192633833,-12.283475435709128,592.6597097893955,1488.6597097893955,55.0650394209209,73.50993377483444,73.72811745982854,1372203
2021-05-27,68.55633211154228,-23.896916120454534,779.9508184329788,1171.9508184329788,39.13088726340367,45.45454545454545,65.2362217586305,2454590
2021-05-28,67.5580310032177,5.212507166975188,461.03612776541377,1427.0361277654138,63.3388401172705,77.27272727272727,65.41240216736905,2211396
2021-05-31,66.16331659571557,-2.2918001372849304,502.44081012250354,1239.4408101225035,62.753707666715954,72.72727272727273,65.15151515151514,1859497
2021-06-01,62.96080763514209,-6.8298494322551555,542.160037913296,1073.160037913296,45.095585181737206,68.18181818181817,72.72727272727273,1516776
2021-06-02,60.760882653896786,-2.875795011350287,426.8656830943037,929.8656830943037,49.93380192034987,71.42857142857143,70.77922077922078,1328212
2021-06-03,59.910708437868905,-3.369077671308075,295.77283347913,670.77283347913,70.03539843676913,60.0,66.53679653679653,2042788
2021-06-04,58.496102342411746,6.14317761528751,156.11124092634418,751.1112409263442,94.05848979783877,75.0,68.80952380952381,2722877
2021-06-07,57.433300410044595,5.464414500456828,118.3428175549725,733.3428175549725,87.70590956882799,81.25,72.08333333333333,1677330
2021-06-08,55.87774485448904,1.6111684747066235,132.04652975503632,677.0465297550363,91.9612995137792,81.25,79.16666666666667,1645711
2021-06-09,53.64218596476661,-10.413708067582888,276.9685174625265,476.9685174625265,54.6152208883775,62.5,75.0,1526214
2021-06-10,53.81952586624444,-20.52614419036105,419.82451007565214,179.82451007565214,-29.374482814849998,37.5,60.416666666666664,2225385
2021-06-11,52.83854488526346,-12.912009920720909,419.82451007565214,179.82451007565214,-71.16706981925942,23.076923076923077,41.02564102564103,1500753
2021-06-14,50.958203004921586,-10.508052984066069,472.9644545449337,142.9644545449337,-74.9825903602556,15.384615384615385,25.32051282051282,1373168
2021-06-15,50.18897223569081,-5.091232220426686,471.0612865285875,161.06128652858752,-76.30458042033561,15.384615384615385,17.94871794871795,1332886
2021-06-16,52.45898418312212,14.70306663670781,195.69633235769106,400.69633235769106,15.704226511003304,53.84615384615385,28.205128205128204,1582231
2021-06-17,50.12015359841446,0.9628548956999321,340.343123667124,255.34312366712402,10.52782236508272,30.76923076923077,33.333333333333336,1643558
2021-06-18,47.44209092035179,-10.745321399468484,540.343123667124,55.34312366712402,-88.72689755756775,0.0,28.205128205128204,2059395
2021-06-21,45.3541788324397,-14.160719018403942,720.8966504907166,-39.10334950928336,-149.47585817771025,5.88235294117647,12.217194570135748,2338201
2021-06-22,44.123409601670474,3.7854259532767536,576.001182730146,136.00118273014596,-93.54514480738155,23.52941176470588,9.803921568627453,1110300
2021-06-23,39.03081700907788,-0.92438631017124,688.7488213594115,78.74882135941152,-106.95531817091702,11.76470588235294,13.725490196078432,1290361
2021-06-24,37.83516483516483,12.319837924698062,536.2444632216466,221.24446322164658,-79.46786499902348,31.25,22.18137254901961,1072866
2021-06-25,38.02164502164502,16.951619381199997,420.92652345682836,325.92652345682836,-23.860194125892143,43.75,28.92156862745098,1489959
2021-06-28,38.75757575757576,12.713234667473731,410.77443845352536,330.77443845352536,-3.8697052468537168,50.0,41.666666666666664,1439238
2021-06-29,38.63636363636363,-0.08224221983693525,556.5222879156881,201.52228791568814,-47.594863976578,30.76923076923077,41.506410256410255,1239293
2021-06-30,40.10188087774294,1.573570744724453,544.8404379951407,219.84043799514075,-54.04818501574908,30.76923076923077,37.17948717948718,847239
2021-07-01,40.72688087774294,-6.947091956139884,690.7886961322238,110.78869613222378,-85.08219715686194,7.6923076923076925,23.07692307692308,1490725
2021-07-02,41.93900208986416,4.141651493081216,546.2721089361658,216.27210893616575,-73.21850535896739,23.076923076923077,20.512820512820515,838863
2021-07-05,43.15112330198537,4.5957211049529105,479.129223451082,204.129223451082,-62.570774556283766,23.076923076923077,17.948717948717952,818926
2021-07-06,42.85854231974922,7.921984787723426,345.11001583919824,220.11001583919824,-46.60645772345565,30.76923076923077,25.641025641025646,834569
2021-07-07,41.75016793551276,0.09321326101635741,396.69970167903375,116.69970167903375,-90.78131963900236,20.0,24.615384615384617,1600245
2021-07-08,42.08670639705122,-4.744983861131047,494.8677854048019,49.86778540480191,-89.63484013725015,0.0,16.923076923076923,1675500
2021-07-09,40.85294016328499,-17.016522211830274,780.099887752538,-104.90011224746195,-180.18495034410648,11.76470588235294,10.58823529411765,3329890
2021-07-12,40.037893141341414,5.02390781941317,575.1879194766261,125.18791947662612,-94.00786812984742,35.294117647058826,15.686274509803924,1205955
2021-07-13,42.106858658582794,12.305291609096432,461.74731095675816,236.74731095675816,-44.352227344946634,47.05882352941176,31.372549019607845,1773439
2021-07-14,41.835922697991656,0.35392284762805204,546.8928093718423,86.8928093718423,-83.49386271104888,29.411764705882355,37.254901960784316,909897
2021-07-15,41.374384236453196,12.072051815597849,354.27316351468653,229.27316351468653,-59.09412221232736,47.05882352941176,41.1764705882353,1164969
2021-07-16,42.26724137931034,15.648511045887458,249.46411467435973,329.46411467435973,-10.088437605564296,71.42857142857143,49.29971988795518,1413969
2021-07-19,42.741379310344826,1.1356054160699467,399.99381459946744,184.99381459946744,-32.44336718990536,53.84615384615385,57.44451626804568,786574
2021-07-20,41.32150101419878,-4.812396731864345,495.59803868159725,110.59803868159725,-90.78138130898219,45.45454545454545,56.90975690975691,1134989
2021-07-21,42.767552182163186,-1.8785008323478616,497.5187964316774,132.5187964316774,-69.47298782991867,45.45454545454545,48.25174825174826,795898
2021-07-22,44.142552182163186,9.663698955225428,327.6746695703441,282.6746695703441,-9.426035758090542,72.72727272727273,54.545454545454554,1665353
2021-07-23,44.21608159392789,0.44781399488106866,382.4906013460186,177.4906013460186,-33.41864730590932,54.54545454545454,57.57575757575757,1340961
2021-07-26,43.95093007877638,1.0389825691387418,328.03914898486255,163.03914898486255,-37.283133013699484,60.0,62.42424242424243,846906
2021-07-27,45.41260565809902,7.7436718097614134,207.83154063783877,257.83154063783877,26.18321783960461,80.0,64.84848484848484,1609351
2021-07-28,46.70292823874418,5.147764185439102,185.80688201896373,250.80688201896373,12.425527794665648,80.0,73.33333333333333,719548
2021-07-29,49.635620546436485,3.228433056725728,185.80688201896373,250.80688201896373,47.20921088396071,71.42857142857143,77.14285714285715,921162
2021-07-30,51.24687374336744,-1.3644143909766622,219.25934551223872,199.25934551223872,16.407659988459663,57.14285714285714,69.52380952380952,1209905
2021-08-02,51.45767743243199,-7.389098508880928,301.34462607325986,106.34462607325986,-70.35864328522091,28.57142857142857,52.38095238095238,1045986
2021-08-03,52.23689821165276,-1.215191214128137,215.9332531771397,145.9332531771397,-53.688532447765624,42.857142857142854,42.857142857142854,918779
2021-08-04,52.82340847558239,12.283687339265898,26.33298106221264,351.33298106221264,74.25498382268854,100.0,57.14285714285714,1036021
2021-08-05,49.60662525879917,0.9204451043085307,130.84300519426688,250.84300519426688,71.66522277754856,71.42857142857143,71.42857142857143,934576
2021-08-06,50.600414078674945,6.47619861744974,27.332005306814608,307.3320053068146,124.28133775527378,87.5,86.30952380952381,807372
2021-08-09,53.333333333333336,-3.196379546494578,130.75187543592438,200.75187543592438,85.29194432656276,55.55555555555556,71.494708994709,1097887
2021-08-10,53.2919254658385,-9.136023985953283,227.3320053068146,107.33200530681461,0.7202529062448308,33.33333333333333,58.79629629629628,875763
2021-08-11,52.817617165443245,3.550543684289228,83.51404253232613,243.51404253232613,25.203205614685054,66.66666666666666,51.85185185185185,1036188
2021-08-12,54.635798983625065,-1.4792188725178834,133.51404253232613,193.51404253232613,49.97895610839344,55.55555555555556,51.85185185185185,1038571
2021-08-13,53.20722755505365,-7.773613455670838,214.2383664469071,94.2383664469071,-47.83831128711583,33.33333333333333,51.85185185185185,1526003
2021-08-17,50.869565217391305,-4.94038512107521,214.0247584249846,99.02475842498461,-57.687605944357294,33.33333333333333,40.74074074074074,1521308
2021-08-18,49.52569169960474,-2.9051297424881497,210.7874069850095,90.78740698500951,-78.16748852212051,33.33333333333333,33.33333333333333,799776
2021-08-19,46.4983164983165,-17.42443058956788,500.0,-100.0,-171.22006568284135,5.172413793103448,23.946360153256702,1998582
2021-08-20,42.582232582232585,-17.906551489331445,681.6351516808136,-130.36484831918642,-203.1964221230113,6.8493150684931505,15.118354064976643,2087014
2021-08-23,41.588855098788876,2.6009500279664692,509.5374090747482,77.53740907474821,-119.58610136258864,31.506849315068493,14.509526058888364,1209455
2021-08-24,42.49794600787978,16.676335227546332,309.5374090747482,277.5374090747482,-28.797303502050603,58.9041095890411,32.42009132420092,1102211
2021-08-25,42.76601127594505,18.286241172533558,209.5374090747482,377.5374090747482,13.414173685424474,72.6027397260274,54.337899543378995,954925
2021-08-26,45.68972969635221,15.14782457374402,165.87624582159697,428.87624582159697,44.98772001526518,79.45205479452055,70.31963470319636,1675247
2021-08-27,48.69672270334522,12.354119375945551,129.8726660887296,482.8726660887296,67.74930367575128,86.3013698630137,79.45205479452055,1252423
2021-08-30,49.35897435897436,-2.868727925642295,279.8726660887296,332.8726660887296,35.1344680243106,70.58823529411765,78.7805533172173,954637
2021-08-31,49.713584288052374,-2.7412589672860226,283.08081634306836,326.08081634306836,-6.53663882362862,70.58823529411765,75.82594681708301,1510364
2021-09-01,50.70921985815603,7.007058245181168,152.13908188268033,475.13908188268033,45.58857456183976,92.64705882352942,77.94117647058825,915141
2021-09-02,50.37809403034146,-3.268458494994209,239.39127755496884,372.39127755496884,45.58857456183976,77.94117647058823,80.3921568627451,744551
2021-09-03,51.4419238175755,-0.021411753708747483,194.98134844066226,422.98134844066226,52.9524404300844,85.29411764705883,85.29411764705883,644270
2021-09-06,52.45798115223939,-4.4232323057653415,231.93888171240906,369.93888171240906,40.10931096185718,77.94117647058823,80.3921568627451,650493
2021-09-07,52.7883027300107,-3.805752284263826,231.93888171240906,369.93888171240906,34.20679625180484,77.94117647058823,80.3921568627451,540953
2021-09-08,55.32625478440375,-3.256844257459155,238.09095876643005,366.09095876643005,25.371251629823092,77.94117647058823,77.94117647058823,698785
2021-09-09,57.05557809267443,-18.726657029815115,478.9917975667868,136.99179756678677,-60.44009227844,33.33333333333333,63.07189542483659,2563012
2021-09-10,57.19174830544038,-5.092520742917905,370.696148550418,243.696148550418,-47.11835761895297,40.0,50.424836601307184,768807
2021-09-13,56.50681679859107,0.5532627233642184,320.696148550418,293.696148550418,-21.06710297765146,50.0,41.11111111111111,663856
2021-09-14,54.82188529174175,0.8948788389368443,320.696148550418,293.696148550418,11.020420185531693,50.0,46.666666666666664,893138
2021-09-15,50.35037593984963,1.0828769793996118,320.696148550418,293.696148550418,1.9760553975142432,50.0,50.0,1033440
2021-09-16,45.62105263157895,-5.219492110656814,407.7531489296198,165.75314892961978,-35.043497370223385,30.0,43.333333333333336,1031581
2021-09-17,43.30994152046784,0.7067780968919775,307.2486602557801,132.24866025578012,-74.05291526903461,44.44444444444444,41.48148148148148,1012035
2021-09-23,41.30994152046784,-5.159833293774905,399.2593455122387,19.259345512238724,-120.0408217743284,22.22222222222222,32.22222222222222,1625178
2021-09-24,38.9766081871345,1.0465848091790386,352.8845662513213,82.8845662513213,-80.40311482115177,33.33333333333333,33.333333333333336,1585587
2021-09-27,38.790849673202615,4.9197667184600515,296.2885304412266,141.2885304412266,-52.89706761696849,44.44444444444444,33.333333333333336,625426
2021-09-28,41.790849673202615,16.688911882385018,96.28853044122661,341.2885304412266,50.43131398931392,100.0,59.25925925925926,1989346
2021-09-29,42.42577030812324,4.034170539797442,173.650888067119,233.650888067119,32.68606790452055,75.0,73.14814814814815,1219978
2021-09-30,45.62577030812324,15.015770344215017,8.03508501982833,448.03508501982833,117.03643518688034,90.9090909090909,88.63636363636363,2148517
2021-10-01,49.329474011826946,1.9116990829089389,119.18391333129148,349.1839133312915,94.45018872105595,72.72727272727273,79.54545454545455,1539438
2021-10-05,54.42751322751322,6.3025889388476966,30.019668220298627,455.0196682202986,107.25807212702689,90.0,84.54545454545455,1922212
2021-10-06,57.470991488382786,5.460031729479235,15.975226731296061,520.9752267312961,142.90734181724943,83.33333333333334,82.02020202020202,2249118
2021-10-07,61.54718196457327,10.94161986010597,-66.52287341700867,708.4771265829913,154.31409143962483,100.0,91.1111111111111,1500043
2021-10-08,62.939774557165855,-2.26140444837063,70.64965530219524,620.6496553021952,115.7072978541434,84.61538461538461,89.31623931623932,1368444
2021-10-12,65.42654704393834,-0.9512487941297234,65.00877182723161,685.0087718272316,103.01257986046444,92.3076923076923,92.3076923076923,1890961
2021-10-13,66.16728778467908,-0.1836711991936273,65.67307990348309,750.6730799034831,112.39535714567188,100.0,92.3076923076923,967204
2021-10-14,66.45714285714284,-6.1777541961525415,144.23548747698624,674.2354874769862,99.83161565409064,85.71428571428571,92.67399267399266,999565
2021-10-15,67.85714285714285,3.063677737397656,54.018043029285764,824.0180430292858,116.87456337765104,93.33333333333333,93.01587301587301,1683608
2021-10-18,70.43696405765371,5.408590559701329,29.245728957113897,934.2457289571139,123.34548770420265,100.0,93.01587301587301,1258161
2021-10-19,72.7522349936143,3.2956472773177126,53.91003159953834,988.9100315995383,122.39250923220438,100.0,97.77777777777777,1315536
2021-10-20,73.67816091954023,8.064505702263384,2.1983149116440472,1152.198314911644,136.42189861876935,94.44444444444444,98.14814814814815,2640254
2021-10-21,76.89655172413794,10.496607302319532,-36.380489401939485,1303.6195105980605,143.8117005239015,95.0,96.48148148148148,2278605
2021-10-22,77.89655172413794,1.7400088920638872,56.275692801786136,1291.2756928017861,132.49921340431897,85.71428571428571,91.71957671957671,1617050
2021-10-25,80.58128078817734,11.952679707065172,-68.06258159563731,1526.9374184043627,137.39838968333427,100.0,93.57142857142856,1665566
2021-10-26,83.10117468738159,1.5834877431633103,33.234115975874374,1493.2341159758744,134.8061926102202,91.30434782608695,92.33954451345755,1233788
2021-10-27,84.39747098367788,-11.573408301940425,193.23411597587437,1333.2341159758744,107.47840751543492,82.6086956521739,91.30434782608695,1386599
2021-10-28,80.94919512160891,-28.952381626777196,465.32139719672523,1030.3213971967252,68.15226581776339,60.86956521739131,78.26086956521739,2312487
2021-10-29,78.05264339747097,-28.85535223509451,556.8021913541397,846.8021913541397,39.240134112336776,52.17391304347826,65.21739130434783,1935988
2021-11-01,73.74388763710232,-11.36225659521673,426.40942209212335,946.4094220921234,40.46703124668018,60.0,57.68115942028985,1034227
2021-11-02,69.38491327812797,-9.383825800672152,425.95909924292937,865.9590992429294,51.3086926158741,60.0,57.391304347826086,1099040
2021-11-03,65.58861698183168,-17.21201141315531,562.9793664179597,647.9793664179597,29.326952905539958,42.10526315789473,54.03508771929825,1079957
2021-11-04,65.21244143324233,1.1716301399828914,366.7500830602785,781.7500830602785,35.2169184962596,58.82352941176471,53.64293085655314,1141661
2021-11-05,63.28546374561555,-9.654393982573852,513.9335384871156,588.9335384871156,7.794705500863012,33.33333333333333,44.75404196766426,1420103
2021-11-08,60.91354723707665,-3.0992366881275117,447.4186478742449,567.4186478742449,-1.9461288132828647,40.0,44.052287581699346,1133017
2021-11-09,57.9027945489046,-1.9408744619766676,428.51063122991945,498.51063122991945,22.970922217452753,40.0,37.77777777777778,736975
2021-11-10,54.069461215571266,-7.412301393567848,504.6187161525959,339.6187161525959,-18.108798236260593,26.666666666666668,35.55555555555556,913807
2021-11-11,49.7292852624921,-7.16278754376841,512.7381250550061,212.7381250550061,-45.69182216143872,20.0,28.88888888888889,1197758
2021-11-12,45.69567181711394,3.057512613969525,389.6050231475656,259.6050231475656,-37.22182070904792,33.33333333333333,26.666666666666668,771572
2021-11-15,42.10540812543037,6.221042863459624,327.4561371442942,272.4561371442942,-31.754034895490104,42.857142857142854,32.063492063492056,885407
2021-11-16,40.354256051697654,7.972392934033479,270.225473127397,290.225473127397,-15.28419305613816,58.333333333333336,44.84126984126984,746300
2021-11-17,40.918358615800216,-4.034895582212238,421.9662592146542,146.9662592146542,-65.40194698612714,44.44444444444444,48.544973544973544,1369800
2021-11-18,43.30049261083744,4.690753216599205,315.85397241650026,250.85397241650026,-44.68357962730765,66.66666666666666,56.481481481481474,793389
2021-11-19,45.32430213464696,0.4162371067258235,358.7715908780756,208.77159087807559,-40.24566585006695,55.55555555555556,55.55555555555555,951598
2021-11-22,46.53809523809524,-2.2107528850285387,346.3183102661751,141.3183102661751,-52.22235211583894,44.44444444444444,55.55555555555555,902733
2021-11-23,48.40144927536231,2.7194106041815127,213.9415956487901,148.9415956487901,-7.442686746463068,55.55555555555556,51.85185185185185,770442
2021-11-24,49.60546265328874,15.312489170726534,-18.68876914593602,326.311230854064,145.4685334531414,90.0,63.333333333333336,1418097
2021-11-25,49.27101449275362,0.10465344527846909,131.31123085406398,176.31123085406398,69.46507630038393,60.0,68.51851851851852,769092
2021-11-26,48.90434782608695,-9.395093855712355,285.5910137093924,35.59101370939243,-65.18786498714637,12.5,54.166666666666664,1219356
2021-11-29,47.437681159420286,-21.179482335116994,580.7081229238356,-124.29187707616438,-220.50124911225433,20.0,30.833333333333332,2112375
2021-11-30,42.94884449667059,-40.111576418631046,1178.3700261926097,-336.62997380739034,-227.55787460722146,0.0,10.833333333333334,3269482
2021-12-01,39.35616715113282,-14.576593250465798,1138.5019089802063,-111.49809101979372,-194.00988318111038,17.391304347826086,12.46376811594203,1306009
2021-12-02,36.42138454243717,8.806181488922796,927.8552681704878,142.85526817048776,-130.6837890159165,34.78260869565217,17.391304347826086,1227093
2021-12-03,36.25774817880081,26.403275811541008,666.4601324275736,406.4601324275736,-51.946088105588885,56.52173913043478,36.23188405797101,1453196
2021-12-06,37.560778481831115,23.436954946798863,598.9082581613729,463.90825816137294,-31.69612777452154,60.86956521739131,50.724637681159415,1050875
2021-12-07,41.38227439635029,23.638381336639803,484.75558220244966,564.7555822024497,1.3130345414003,69.56521739130434,62.31884057971015,984565
2021-12-08,43.58778818081144,12.997322045155933,528.0477486505606,518.0477486505606,11.223667134852437,65.21739130434783,65.21739130434783,928826
2021-12-09,45.61159770462096,12.043016851154409,478.0477486505606,568.0477486505606,7.4985897088030145,69.56521739130434,68.1159420289855,1338517
2021-12-10,46.499043592066855,4.419226681718207,516.075985398069,521.075985398069,4.664512214131084,65.21739130434783,66.66666666666667,642298
2021-12-13,47.38648947951274,5.768244484577034,450.5208898246656,570.5208898246656,23.75872068198145,69.56521739130434,68.11594202898551,746219
2021-12-14,46.336996336996336,6.27561346054534,381.2088592714081,616.2088592714081,21.71710375548604,77.27272727272727,70.68511198945981,781913
2021-12-15,46.733821733821735,3.0236695921873507,381.2088592714081,616.2088592714081,26.836827763724372,89.47368421052632,78.77054295818597,629307
2021-12-16,47.513042513042514,0.769925132559,368.9800418927989,613.9800418927989,32.31665082726434,94.44444444444444,87.063618642566,1101763
2021-12-17,51.11423298923299,12.021755549599426,191.89976170940645,821.8997617094064,71.1110284431318,100.0,94.63937621832359,1851023
2021-12-20,57.744269619269616,-3.978335659618132,347.272911258171,672.272911258171,55.71288740647767,85.71428571428571,93.38624338624338,767604
2021-12-21,65.18016705516706,2.0790132042435285,260.8729606333545,775.8729606333545,67.39459962102588,95.0,93.57142857142856,1012323
2021-12-22,69.90238927738929,-7.078685020459734,329.09366000573755,664.0936600057375,65.9122676614609,73.33333333333333,84.68253968253968,840773
2021-12-23,72.59935897435898,-2.940502406932386,279.09366000573755,714.0936600057375,58.133432007229736,76.92307692307693,81.75213675213676,1037831
2021-12-24,72.1059379217274,-3.442480308426105,295.339906451718,715.339906451718,52.14600360698209,66.66666666666666,72.3076923076923,1282284
2021-12-27,66.47840755735493,-10.009543477386996,404.3680216560042,594.3680216560042,38.731773273476925,37.5,60.363247863247864,1927531
2021-12-28,61.90350877192982,-4.056598658697009,290.9000405471852,500.9000405471852,24.298859469080945,50.0,51.388888888888886,4191535
2021-12-29,54.18845500848896,-44.80418672099084,927.9083678309253,-167.09163216907473,-167.14718302774304,10.526315789473683,32.675438596491226,4628345
2021-12-30,47.24906106909502,-36.003394179616734,1143.9336925621901,-221.06630743780988,-189.04975509495875,4.761904761904762,21.762740183792815,1701978
2022-01-03,40.67808818233267,-15.671228701037787,1146.7733902888995,-68.22660971110054,-155.9656632278913,9.523809523809524,8.270676691729323,1125994
2022-01-04,36.21237845346504,-1.9050825801197817,1126.5715888102877,61.57158881028772,-127.15017213456233,14.285714285714285,9.523809523809524,902538
2022-01-05,31.104019320338114,7.028307753821288,1085.7055364305998,175.70553643059975,-96.32378785808862,19.047619047619047,14.285714285714286,1607535
2022-01-06,30.763517528223417,2.875648832096431,1202.0679822821185,152.06798228211846,-100.77212379561703,9.523809523809524,14.285714285714286,1188128
2022-01-07,29.077911467617355,6.686458709278551,1205.7394593092758,220.73945930927584,-92.75266989516173,9.523809523809524,12.698412698412701,1371527
2022-01-10,30.445876835582716,28.037140532289783,893.8320312169271,538.8320312169271,-47.27285116764971,38.095238095238095,19.047619047619047,2521504
2022-01-11,31.813842203548084,27.289502142116884,777.3718721359837,647.3718721359837,-16.293347798871388,47.61904761904761,31.746031746031743,2054357
2022-01-12,33.578548085901026,22.24070844596164,706.2306601998116,701.2306601998116,-7.657620218949651,57.89473684210527,47.86967418546366,1629584
2022-01-13,35.11449579831933,11.519125782967603,731.7432457075301,656.7432457075301,-5.165209776435031,55.55555555555556,53.689780005569474,1239172
2022-01-14,38.739495798319325,10.541270289816303,658.258446902164,708.258446902164,3.7707064813596807,61.111111111111114,58.187134502923975,1489208
2022-01-17,39.08870214752567,-3.4474697691659673,742.1801180994025,552.1801180994025,-14.71772157829458,47.05882352941176,54.57516339869281,1106293
2022-01-18,39.08870214752567,-2.513827572442012,698.6620775553401,553.6620775553401,-17.116048135491305,66.66666666666666,58.27886710239651,959428
2022-01-19,42.671589848060435,-1.842988370927113,629.807660688537,539.807660688537,-12.004333172987655,66.66666666666666,60.13071895424836,1413331
2022-01-20,46.328878850617976,-14.131367692760511,774.3344015248986,349.33440152489857,-33.66783637523649,33.33333333333333,55.55555555555554,1748424
2022-01-21,49.633226676704936,-5.148000058275441,646.4657221009566,386.46572210095655,-41.1291499052124,36.36363636363637,45.454545454545446,1141998
2022-01-24,51.08621812969639,-15.199935035267016,761.9803251425383,186.98032514253828,-63.91186939491813,8.333333333333332,26.010101010101007,1254423
2022-01-25,51.51478955826782,-17.47594702880128,852.7916695451167,67.79166954511675,-122.82340285930722,19.54022988505747,21.41239986067572,2119057
2022-01-26,49.351780153879105,1.2353983210549657,592.4730085126666,187.47300851266664,-78.26334302178961,36.7816091954023,21.55172413793103,1373900
2022-01-27,47.07969039230828,-2.98219776013155,702.4381931367352,122.43819313673521,-92.75194790518631,25.287356321839084,27.203065134099614,1655657
2022-01-28,43.63248542336417,10.565512137245436,550.6730799034813,265.67307990348127,-57.638019783967444,42.5287356321839,34.865900383141756,1159051
2022-02-03,41.324793115671866,8.98683187229368,550.6730799034813,265.67307990348127,-24.921720213095238,42.5287356321839,36.7816091954023,1347999
2022-02-04,42.84265025852901,29.89832939890237,223.33777201160774,608.3377720116077,29.69351757372641,82.75862068965517,55.938697318007655,2435546
2022-02-07,42.56247784473591,15.878627242747095,287.1176204217609,552.1176204217609,43.59765579959513,77.01149425287356,67.43295019157088,1669562
2022-02-08,42.015068265068265,2.999653521966419,389.77864874442093,434.77864874442093,22.709046769149563,69.51219512195121,76.42743668815997,1327961
2022-02-09,45.95279720279721,29.794564813303495,13.75625267549185,893.7562526754919,111.7786894636615,100.0,82.17456312494159,3943361
2022-02-10,51.02972027972028,19.356976670063034,33.04336948114724,973.0433694811472,135.1153403186884,95.53571428571429,88.34930313588849,2429061
2022-02-11,54.03567266067266,14.803765045364461,10.075182923073953,1110.075182923074,133.0261055043443,92.1259842519685,95.88723284589427,3056820
2022-02-14,57.66067266067266,-1.810703219422912,151.76805624033477,1026.7680562403348,108.48574433706413,84.25196850393701,90.63788901387328,2076602
2022-02-15,61.370946127043695,-12.346315885398035,278.15319240773715,933.1531924077372,75.71284118992595,76.37795275590551,84.25196850393701,1792329
2022-02-16,63.42222817832574,-5.727852895523107,215.87241182350044,1045.8724118235004,92.04958702873734,84.25196850393701,81.6272965879265,1567492
2022-02-17,66.68538607306257,-1.4549762023542918,181.68288256947744,1161.6828825694774,102.03516414706714,91.66666666666666,84.09886264216972,2363058
2022-02-18,69.16157654925306,-5.2547090091360324,241.4365729341498,1171.4365729341498,91.58546819134463,91.66666666666666,89.19510061242345,1422028
2022-02-21,71.9191523068288,-7.521265861810624,295.99199080310245,1175.9919908031025,74.47495448788214,90.47619047619048,91.26984126984127,1040048
2022-02-22,72.86688749846644,-24.645314535596242,562.514419468258,897.514419468258,38.55455512423668,61.111111111111114,81.08465608465609,1646929
2022-02-23,72.16359079516974,-18.219076763386134,577.595275046484,872.595275046484,34.47992259322651,61.111111111111114,70.8994708994709,1012519
2022-02-24,66.31219760631525,-32.42703982132799,865.0709735631881,530.0709735631881,-23.457173225081224,18.75,46.99074074074074,1726229
2022-02-25,60.34394363806128,-30.031458815620887,985.6502607806979,320.65026078069786,-57.9147839222161,5.88235294117647,28.58115468409586,1602801
2022-02-28,55.58636788048553,1.8590685398021822,667.9308366580317,557.9308366580317,-35.2222335748648,41.17647058823529,21.936274509803923,1776406
2022-03-02,49.665732959850615,-13.257198279477555,883.2611808874608,243.2611808874608,-67.70670973603707,11.76470588235294,19.6078431372549,2622811
2022-03-03,44.72800402212167,6.80388630908928,659.5153254455272,384.5153254455272,-37.99290446720322,35.294117647058826,29.41176470588235,1498894
2022-03-04,42.31623931623932,-3.2078204176316873,786.8335962521396,191.8335962521396,-71.51950690265747,17.647058823529413,21.568627450980397,769608
2022-03-07,40.09401709401709,-12.391129511107126,1014.4943503221675,54.49435032216752,-118.93001631143191,5.263157894736842,19.401444788441694,1426295
2022-03-08,35.923285386700016,-7.782036127706043,1092.7676333518775,67.76763335187752,-128.19659040554407,13.636363636363635,12.182193451543297,1092582
2022-03-10,36.14292362959408,11.62975484888095,895.4373084329891,275.4373084329891,-76.04454161626371,31.818181818181817,16.90590111642743,1653446
2022-03-11,35.080652567323014,13.748419654985305,826.7680562403348,351.7680562403348,-65.69282237601136,36.36363636363637,27.27272727272727,854700
2022-03-14,35.22350971018015,11.267455042200602,797.2851607304401,372.2851607304401,-52.20206108768506,40.0,36.06060606060606,651941
2022-03-15,35.37502486169531,2.817024084204399,848.2566538330811,293.25665383308115,-58.096212781003835,33.33333333333333,36.56565656565656,1541794
2022-03-16,36.838439495841655,10.206911398380408,707.3589199541002,402.3589199541002,-44.74831568735128,47.05882352941176,40.130718954248366,1056821
2022-03-17,37.968007602153946,11.160133655230531,628.9620729812923,458.9620729812923,-3.850336342133663,69.23076923076923,49.8743086978381,2174389
2022-03-18,40.8251504592968,8.003573265158284,579.44955470071,454.44955470071,-20.48272779200551,69.23076923076923,61.840120663650076,2015061
2022-03-21,44.27052861055731,2.418311080883132,547.3429276308507,382.3429276308507,-19.386003730678137,61.53846153846154,66.66666666666667,789840
2022-03-22,47.45234679237549,14.743361660029779,263.6496636313914,538.6496636313914,26.720544042070518,92.3076923076923,74.35897435897435,1006850
2022-03-23,51.01151571739807,8.896597962483536,162.49177621011586,477.49177621011586,80.90023070577624,85.71428571428571,79.85347985347984,920612
2022-03-24,53.27342047930283,7.900728943900887,89.90265941464895,514.902659414649,84.12918419560434,92.85714285714286,90.29304029304029,1125367
2022-03-25,56.31689874017239,9.979504472795304,-10.097340585351049,614.902659414649,131.34442547374988,100.0,92.85714285714285,890209
2022-03-28,61.518137130265266,4.281039908735657,35.706116074530655,630.7061160745307,127.03050796519723,93.75,95.53571428571428,784144
2022-03-29,68.36024239342316,3.5695670693963937,36.55577927611557,681.5557792761156,126.26855148603711,91.66666666666666,95.1388888888889,1022487
2022-03-30,70.62603760039485,-6.750527917244131,151.38880081729258,586.3888008172926,79.14591906182464,75.0,86.80555555555556,1117517
2022-03-31,73.54270426706151,-6.582322911402059,175.56974262971016,575.5697426297102,71.59039631991205,75.0,80.55555555555556,803470
2022-04-01,74.9436704506364,0.16593019864312097,111.01698768519782,686.0169876851978,82.86963055072664,91.66666666666666,80.55555555555554,1131522
2022-04-04,75.62478500171999,1.1116476440342815,106.90046219457872,736.9004621945787,99.45530205431511,100.0,88.88888888888887,859664
2022-04-05,71.4142586859305,-14.395194355423458,301.2338133682115,486.2338133682115,54.68600378640113,54.54545454545454,82.07070707070706,1670603
2022-04-06,70.62994496044033,-1.0778797456241085,147.77087639996535,567.7708763999653,69.18549263211018,81.81818181818183,78.7878787878788,1525609
2022-04-07,70.21327829377364,-2.2986330291257486,163.2510738251185,538.2510738251185,63.11586832218117,81.81818181818183,72.72727272727273,1111921
2022-04-08,70.05454813504349,0.20120009805815897,136.08853284426186,566.0885328442619,76.60187198561707,90.0,84.54545454545455,948511
2022-04-11,68.12941444520392,14.474170321045037,-40.128226207642,819.871773792358,142.59693588903167,100.0,90.60606060606061,2488482
2022-04-12,69.41087897609637,3.4362806382158677,41.7627938492642,726.7627938492642,141.99440283134598,78.57142857142857,89.52380952380952,1662973
2022-04-13,69.12102390363259,-3.7498740982404275,114.2939545833051,639.2939545833051,107.42859196868918,69.23076923076923,82.6007326007326,1101054
2022-04-14,68.16864295125166,-4.94569597258044,133.63903325896536,603.6390332589654,101.17432389435837,69.23076923076923,72.34432234432234,1236638
2022-04-15,64.71626199887069,-15.07646682401777,273.88361610316497,403.88361610316497,53.02721722985493,46.15384615384615,61.53846153846154,1126977
2022-04-18,61.004140786749474,-7.905874194007501,199.46411467435792,379.4641146743579,28.02230519913762,53.84615384615385,56.41025641025641,555273
2022-04-19,59.89109730848861,3.369236273418073,73.18883707497298,508.188837074973,95.69578584604926,76.92307692307693,58.97435897435898,1318635
2022-04-20,60.41904761904762,10.236473529039667,-24.828994157218403,650.1710058427816,139.79076561883426,92.85714285714286,74.54212454212454,1481801
2022-04-21,61.60952380952381,10.76673514106003,-52.71423083256013,757.2857691674399,151.29272762275664,93.75,87.8434065934066,1301580
2022-04-22,64.77619047619048,13.65453281176025,-96.48090827846863,943.5190917215314,152.9912448305421,100.0,95.53571428571429,1459565
2022-04-25,69.4984126984127,1.8830678887386618,25.755073537133285,900.7550735371333,143.7833301847819,84.21052631578947,92.65350877192982,1779747
2022-04-26,68.31131592421916,-24.845517462543597,383.2575694955831,533.2575694955831,64.23525994273686,44.44444444444444,76.21832358674463,2177132
2022-04-27,65.02560163850487,-30.77320284208219,576.4950213092125,311.49502130921246,-25.86473401253556,17.647058823529413,48.767343194587774,2023521
2022-04-28,62.736224349127575,-4.1371105379625694,328.5899336747443,523.5899336747443,-0.521769448035979,43.75,35.280501089324616,1332415
2022-04-29,58.736224349127575,-3.14991657966067,334.6015274612728,499.6015274612728,31.312972509504597,43.75,35.04901960784314,1539019
2022-05-02,53.48369909660232,-2.3291102900461897,340.90400979201695,480.90400979201695,11.595263722936233,43.75,43.75,654329
2022-05-03,53.047266459031164,4.731454305468357,233.45492450978418,518.4549245097842,50.55092507705388,56.25,47.916666666666664,825535
2022-05-04,54.42821883998355,8.940301736643598,152.81281229167325,587.8128122916733,67.75947891775577,68.75,56.25,905487
2022-05-06,54.812834224598944,-4.833679351362381,296.41016151377517,396.41016151377517,26.134978778639482,50.0,58.333333333333336,1293940
2022-05-09,56.24140565317036,-3.6188116609890337,291.2223975014276,361.2223975014276,20.86171821270964,50.0,56.25,803681
2022-05-10,55.382819794584506,-15.400843642624688,491.9673691896296,176.9673691896296,-56.515938355400394,25.0,41.666666666666664,1310659
2022-05-11,51.77391677391678,-21.912812560147138,712.8128122916733,27.812812291673254,-106.79275860013152,0.0,25.0,1281102
2022-05-12,47.32947232947233,-8.775880189343827,673.5512148447815,108.5512148447815,-112.71106912717624,21.052631578947366,15.350877192982457,1527747
2022-05-13,43.55754250491093,12.81706195914756,424.46657177005,354.46657177005,-38.43847941913703,47.368421052631575,22.807017543859647,2462205
2022-05-16,40.023707918444764,6.640084922596258,468.4549245097842,283.4549245097842,-22.891003162073197,47.05882352941176,38.493292053663566,742052
2022-05-17,40.882293777030625,12.084082497941784,367.3720035126953,362.3720035126953,-2.5934458401371616,71.42857142857143,55.28527200353826,865506
2022-05-18,43.61775651249336,-4.218992310538114,570.4295785111408,180.4295785111408,-46.602548058664276,42.857142857142854,53.78151260504202,1321754
2022-05-19,44.67139635923665,-4.570512002663071,614.7643595924183,159.76435959241826,-97.97365389424242,35.714285714285715,50.0,1289489
2022-05-20,45.0525215860969,-1.2768279980801633,590.1178903578548,180.11789035785478,-72.17145768135727,35.714285714285715,38.0952380952381,1184057
2022-05-23,45.82445141065831,4.131848855477454,470.0523394507145,215.0523394507145,-55.08695680292863,42.857142857142854,38.095238095238095,923637
2022-05-24,43.797283176593524,7.3823299642726985,350.40338165758476,240.40338165758476,-1.1852231786536829,50.0,42.85714285714286,1078779
2022-05-25,40.90166028097063,5.901991186407943,345.5814964652418,245.5814964652418,-4.559121056043948,53.84615384615385,48.9010989010989,788038
2022-05-26,41.42579821200511,7.902382509660178,294.54483420209,279.54483420209,-23.148649273190088,61.53846153846154,55.12820512820514,1105911
2022-05-27,42.77956577266922,11.961553080463299,194.54483420209,379.54483420209,33.443526471370234,90.9090909090909,68.76456876456876,589765
2022-05-30,45.41724693208951,7.498425797996047,194.54483420209,379.54483420209,65.30381260874519,83.33333333333334,78.5936285936286,675840
2022-05-31,50.82559538943978,4.292327785142303,194.54483420209,379.54483420209,31.73871459919731,83.33333333333334,85.85858585858587,1840096
2022-06-02,55.41818798203237,-4.349369143586474,269.8677854048019,274.8677854048019,11.719354458780458,60.0,75.55555555555556,823766
2022-06-03,55.95152131536571,-3.171536279431038,214.82237130876274,249.82237130876274,20.116479836738765,60.0,67.77777777777779,583237
2022-06-07,55.07189168573608,-8.657060512809569,291.0025005812331,151.0025005812331,-23.989796183742648,40.0,53.333333333333336,863584
2022-06-08,50.91040100250626,-5.24822368396714,263.39982234597846,148.39982234597846,-29.347265395396807,40.0,46.666666666666664,795138
2022-06-09,46.31709956709957,-6.0039583223889235,313.9486375359029,108.94863753590289,-68.46306765064007,30.0,36.66666666666667,945901
2022-06-10,42.00940725940726,-12.50754777218344,472.4268064117405,-27.573193588259528,-124.98318605030776,0.0,23.33333333333334,936092
2022-06-13,38.23162948162948,-22.244345126274904,792.4660422827328,-172.53395771726719,-201.58006961467592,0.0,10.000000000000005,1119792
2022-06-14,36.48162948162948,-1.5377042796322709,648.1061807682381,28.10618076823812,-166.70139912082547,36.84210526315789,12.280701754385968,1199956
2022-06-15,34.79331779331779,-7.504042418674416,824.894806553968,-40.10519344603199,-137.94241696439934,21.052631578947366,19.298245614035093,852868
2022-06-16,30.702408702408697,-7.522436173573155,939.7352849552317,-50.26471504476831,-131.23985852878715,10.526315789473683,22.807017543859654,861405
2022-06-17,27.176767676767675,-3.7946642346239976,1020.8603926402084,-9.139607359791626,-147.96801800964775,14.285714285714285,15.28822055137845,1370014
2022-06-20,23.928904428904424,-10.669168135100797,1275.2809843606246,-79.71901563937536,-148.71547484463252,12.0,12.270676691729328,1148724
2022-06-21,19.89186739186739,1.7227824419033873,1251.266790458145,66.2667904581449,-126.03845431928094,16.666666666666664,14.317460317460322,834069
2022-06-22,16.861564361564366,-12.753557954067908,1604.7497010546376,-75.25029894536237,-131.27409046724983,0.0,9.555555555555559,1210524
2022-06-23,14.20074564811407,-12.011825713040157,1811.3141673093796,-62.68583269062037,-139.70173358694493,0.0,5.55555555555556,1822835
2022-06-24,13.88434636112655,9.743973671784989,1647.6485635260797,203.64856352607967,-118.05215244832965,15.492957746478872,5.1643192488262954,1490167
2022-06-27,15.511080282942439,9.046761330184438,1686.6893732919925,243.68937329199252,-103.36662850619656,11.678832116788321,9.057263287755736,1382669
2022-06-28,16.48254354948767,12.161311718510024,1630.785266502051,318.78526650205094,-89.85462427080084,12.598425196850393,13.256738353372533,830071
2022-06-29,17.827934633098646,5.34865704719439,1698.0710286730755,270.0710286730755,-98.12094671021542,2.459016393442623,8.912091235693785,1200059
2022-06-30,19.18106103885663,-2.87400102243301,1823.2549781618818,178.2549781618818,-105.53714664813647,0.8403361344537815,5.299259241582271,1203562
2022-07-01,20.103520931904757,8.240649630638924,1686.8904063863392,308.89040638633924,-96.22831803101947,6.956521739130435,3.418624755675618,952006
2022-07-04,19.08801362131548,-4.2255947952695365,1852.6012155170047,165.60121551700468,-108.76048835791104,5.072463768115942,4.289773880566725,1496605
2022-07-05,19.264698502918396,10.03454954204647,1661.4649624314625,325.4649624314625,-98.14485913724984,12.318840579710146,8.115942028985513,918083
2022-07-06,19.03573485152432,-12.692795486803771,1980.5326194176523,54.53261941765231,-119.92716651680185,1.4598540145985401,6.283719454141548,1852809
2022-07-07,18.88409701567596,-4.414186885005538,1941.6076550998187,105.60765509981866,-120.4162335784868,1.4084507042253522,5.062381766178018,1533262
2022-07-08,18.911369742948686,11.387255762316622,1731.5718456888626,279.5718456888626,-104.0031351231313,9.848484848484848,4.238929855769585,993708
2022-07-11,20.40270723428618,13.818804223588627,1660.9799649569923,347.97996495699226,-93.44692793542099,9.848484848484848,7.035140133731687,809503
2022-07-12,21.32083588925694,10.902283579454268,1598.6746203262683,325.67462032626827,-92.99357601933995,7.766990291262135,9.154653329410616,1086857
2022-07-13,23.056239652429515,7.314443703977689,1572.681476626456,292.68147662645606,-88.81118909098689,0.0,5.871825046582333,1276982
2022-07-14,23.091728736367536,7.306303167105104,1508.2240796327187,295.2240796327187,-91.44088556368959,2.857142857142857,3.541377716135002,938051
2022-07-15,21.66672873636754,-0.04702654971525355,1554.5386471799175,198.53864717991746,-104.83384905502717,7.874015748031496,3.577052868391456,1447099
2022-07-18,23.182398252037054,23.481117432719252,1162.80764068821,494.8076406882101,-60.40677890743765,35.13513513513514,15.288764580103168,1502972
2022-07-19,24.7453372569049,20.405903781580783,997.4974422485575,499.4974422485575,-52.47721664599771,39.62264150943396,27.543930797533537,883167
2022-07-20,27.860068234974154,24.383455169668125,779.0280371739318,627.0280371739318,-12.239304683963445,56.56565656565656,43.77447773674189,1389185
2022-07-21,32.60760871654212,19.75392564309397,677.600570350869,670.600570350869,-14.976248619419692,66.30434782608695,54.16421530039249,847501
2022-07-22,38.583258067191466,9.289132303269042,631.2277798271753,590.2277798271753,-3.3901051486259988,71.7948717948718,64.88829206220511,735510
2022-07-25,41.65062073186957,8.457851364282885,490.0725921234134,604.0725921234134,6.331013012655588,88.40579710144928,75.50167224080268,710198
2022-07-26,46.31894616260051,-1.627269983902444,467.5167679053375,465.5167679053375,-3.823754788627463,77.61194029850746,79.27086973160952,659162
2022-07-27,49.8246932890373,-1.0257156660783977,357.3031410739404,444.3031410739404,5.414533396713227,80.59701492537313,82.20491744177663,732404
2022-07-28,52.79729016336828,-0.13692311575519867,282.0157606105022,456.0157606105022,35.740538398563714,85.07462686567165,81.09452736318407,670082
2022-07-29,55.05378366986179,0.8856248952986903,177.99137209337096,460.99137209337096,59.494376554354474,91.04477611940298,85.57213930348257,987813
2022-08-01,57.77220679096947,-4.44538031860095,213.3573525791635,406.3573525791635,52.56132875246608,83.5820895522388,86.56716417910447,643088
2022-08-02,58.66123529956917,-7.087311200020039,210.0129686104592,347.0129686104592,29.37300943409662,77.61194029850746,84.07960199004975,654198
2022-08-03,59.45699126773893,-5.336428034932622,207.34698553056296,348.34698553056296,35.924760609178044,79.1044776119403,80.09950248756219,528709
2022-08-04,62.8273616381093,-5.379071985452386,220.5195176502384,321.5195176502384,36.72983592663878,66.66666666666666,74.46102819237147,624967
2022-08-05,64.55355211429978,2.4031044083131725,129.00896793822903,430.00896793822903,71.49509158496198,79.48717948717949,75.08610792192881,931521
2022-08-08,67.12755468830235,9.570881789460351,25.756419068153264,591.7564190681533,106.8048977181182,100.0,82.05128205128204,655912
2022-08-09,67.93576845689522,3.192472298754314,72.4858716312865,578.4858716312865,107.0866809219109,89.74358974358975,89.74358974358974,711107
2022-08-10,66.63234965347641,-4.329391194851592,145.92749918313348,489.9274991831335,78.54516871647024,70.58823529411765,86.77727501256913,596755
2022-08-11,66.05659207771885,8.257878988465386,-17.423605572115775,679.5763944278842,129.83611842807403,100.0,86.77727501256913,627981
2022-08-12,66.67674711647854,4.052548984772869,-43.828457021709255,628.1715429782907,159.02743863040274,90.56603773584906,87.05142434332224,740621
2022-08-16,68.34341378314518,3.5730423193647916,-49.96146121316451,699.0385387868355,157.48482949473964,96.49122807017544,95.68575526867482,782324
2022-08-17,70.86185778046243,-2.850493909545584,17.33493035815991,668.3349303581599,146.02195022115234,77.94117647058823,88.33281409220423,1007057
2022-08-18,73.25074666935132,-11.380050201791944,135.7825677773817,571.7825677773817,94.37621012610978,64.70588235294117,79.71276229790162,954178
2022-08-19,73.20239076993158,-5.440308881489363,96.39593133538074,654.3959313353807,85.5818492485367,76.47058823529412,73.0392156862745,595941
2022-08-22,72.71829015294061,-12.428469323088162,205.39271741502125,549.3927174150213,58.828062239014756,63.23529411764706,68.13725490196079,814332
2022-08-23,69.33733777198823,-17.552280647976172,321.1150962780812,427.1150962780812,28.555722576091146,45.45454545454545,61.72014260249554,907937
2022-08-24,66.83412026877072,-8.435417447016356,257.3412199369377,469.3412199369377,37.070124062127874,53.96825396825397,54.21936451348216,538905
2022-08-25,66.56061599526645,-2.338649839371155,200.28535490359354,513.2853549035935,61.05103725948005,63.934426229508205,54.452408550769206,516220
2022-08-26,65.41525906545934,-2.2781518460802648,202.6745379678232,498.6745379678232,55.168090886966894,59.61538461538461,59.17268827104893,524524
2022-08-29,61.85412819109125,-13.65716939910728,370.3403868884325,310.3403868884325,-7.065169983896312,20.833333333333336,48.127714726075375,722931
2022-08-30,59.80901540913635,-5.413377156393911,304.6345020720328,337.6345020720328,8.546006367936466,33.33333333333333,37.927350427350426,409208
2022-08-31,57.55032815044909,-6.350031980568858,327.41531060117813,253.41531060117813,-11.308221044756982,14.285714285714285,22.817460317460316,857863
2022-09-01,51.693113469705,-11.062709255929471,419.232238110013,110.23223811001299,-62.811215587100094,2.083333333333333,16.567460317460316,897233
2022-09-02,45.85474073743452,-8.297214195077874,428.16749577594055,46.16749577594055,-101.95879260618977,5.660377358490567,7.343141659179395,689615
2022-09-05,42.87717692600751,-0.33242974333431974,359.5463262482335,89.54632624823353,-76.73792983493378,16.9811320754717,8.2416142557652,706449
2022-09-06,39.55086113653382,1.5399261496595287,351.7458550110023,107.74585501100228,-74.19962306359484,25.0,15.88050314465409,343309
2022-09-07,35.89539895165988,-4.975232408274631,474.5068546178445,26.50685461784451,-120.95071802478476,7.142857142857142,16.374663072776283,827558
2022-09-08,35.04834012813046,2.112474914669778,417.2686922894336,93.2686922894336,-98.60856885375681,24.390243902439025,18.844367015098722,901682
2022-09-13,38.24592685512896,19.264360867583903,158.53248149199135,353.53248149199135,15.103438959728223,87.8048780487805,39.77932636469222,1147759
2022-09-14,42.02951950010773,8.596056246041472,209.2483536179352,292.2483536179352,-1.0229207952210071e-12,73.17073170731707,61.78861788617886,748680
2022-09-15,45.54380521439345,9.748201862843844,124.71700715460429,355.7170071546043,62.91537731278486,82.22222222222221,81.06594399277326,895111
2022-09-16,49.81831501831501,15.035677997014954,-4.14452148707278,517.8554785129272,119.91799632176169,100.0,85.13098464317976,1501119
2022-09-19,53.73831501831502,4.096529090031659,75.08770505347275,465.08770505347275,108.40042922943924,88.46153846153845,90.22792022792022,553630
2022-09-20,56.64857142857143,8.43984630145989,-9.494582092678684,604.5054179073213,147.22078509561925,96.66666666666667,95.04273504273503,887885
2022-09-21,57.90149882903982,-2.1357150275132053,95.13908188267851,532.1390818826785,111.34118615993181,83.33333333333334,89.48717948717949,697313
2022-09-22,59.74919658582847,-1.7194084887176722,98.00166957759757,564.0016695775976,90.02443550128116,88.33333333333333,89.44444444444444,764614
2022-09-23,62.34443468106657,-2.0896363733231436,109.736743099269,589.736743099269,92.47563470042428,91.66666666666666,87.77777777777777,705444
2022-09-26,63.011295994935175,-21.435800642466493,384.8437456597421,313.8437456597421,18.375885492319117,45.0,75.0,1130454
2022-09-27,60.35557823337801,-18.427514602584676,437.9508374561028,262.9508374561028,-28.499959387302997,35.0,57.22222222222223,1359883
2022-09-28,57.79233862855769,-21.30706726203675,594.4823593180536,133.48235931805357,-90.0863088819856,21.73913043478261,33.91304347826087,1290284
2022-09-29,56.65892658605473,1.040459591018462,384.8333915985513,342.8333915985513,-14.684691553333918,52.17391304347826,36.30434782608696,1257374
2022-09-30,53.15459758172574,-4.731869308112602,485.06441955570335,248.06441955570335,-32.40807606512917,37.68115942028986,37.19806763285024,1210073
2022-10-04,51.83062934961813,11.112975814720677,289.75747871137537,426.75747871137537,19.1457216001205,66.66666666666666,52.17391304347825,852850
2022-10-05,52.020317387183795,10.294979780631655,253.4729786066746,437.4729786066746,47.15559709406222,72.46376811594203,58.937198067632856,1141113
2022-10-06,52.94746970506459,7.34875038095807,249.70744112244938,425.7074411224494,42.20682937269633,73.91304347826086,71.01449275362317,550710
2022-10-07,52.1599239175188,17.24616850328054,85.08471603348153,614.0847160334815,84.31372764885057,95.94594594594594,80.77425251338293,1254005
2022-10-11,51.919730573030975,1.4504043651636769,208.8278764630486,432.8278764630486,62.84720870826602,78.37837837837837,82.74578926752838,863272
2022-10-12,51.79394440950896,4.836924099846096,134.97288095262047,471.97288095262047,68.37962243783927,89.1891891891892,87.83783783783782,743566
2022-10-13,51.86253823606457,4.741737138282972,112.41922178274581,523.4192217827458,108.31238919826768,84.52380952380952,84.03045903045903,1144109
2022-10-14,53.110359776671054,12.669292561928149,-4.175192526465253,716.8248074735347,149.99937278585745,89.8989898989899,87.87066287066285,1013035
2022-10-17,54.193472066679895,8.588303458226367,12.249360666042776,785.2493606660428,122.28757601709255,94.94949494949495,89.79076479076478,706081
2022-10-18,58.18160841738889,5.471245296761614,26.257876134699472,861.2578761346995,139.9826282348193,86.8421052631579,90.56353003721425,771464
2022-10-19,63.34127569269826,6.300174831096545,9.625247470965405,990.6252474709654,133.9921851245016,91.59663865546219,91.12941295603834,1019065
2022-10-20,69.28633063775321,-0.028089794741473995,76.27708964278281,1015.2770896427828,106.76965410899815,90.0990099009901,89.51258460653673,1356100
2022-10-21,73.1912542370741,-7.31965976042804,179.7093585251805,973.7093585251805,85.21539725061575,84.5360824742268,88.74391034355968,736451
2022-10-24,75.28006594632738,-24.388741291897233,441.78214553013095,718.782145530131,52.823524546615324,55.0561797752809,76.56375738349927,992254
2022-10-25,74.44121384919713,-11.536086217268515,363.92952299852186,815.9295229985219,43.997974262001215,59.45945945945946,66.35057390298905,866066
2022-10-26,71.05872536993448,-18.867128951921302,515.9370315359811,629.9370315359811,29.894787039008694,38.35616438356164,50.957267872767325,655299
2022-10-27,68.0400918295618,15.823399172221393,123.29231095922296,1048.292310959223,84.18103338540882,100.0,65.93854128100703,1427155
2022-10-28,65.69231553637607,11.17997046477721,103.89903569572743,1019.8990356957274,111.89825205864344,93.58974358974359,77.31530265776841,767079
2022-10-31,65.6681857718647,1.2460135775496495,186.702161581954,919.702161581954,94.83979512571933,81.92771084337349,91.83915147770568,799185
2022-11-01,65.79890472611308,-1.9133797874254679,188.289184162757,828.289184162757,89.60376803360452,77.94117647058823,84.48621030123509,418896
2022-11-02,67.54867129940905,-0.656626381343548,164.36376851551722,826.3637685155172,79.02336670031059,83.87096774193549,81.24661835196572,685306
2022-11-03,65.5771570565305,-9.459835003564436,266.92974396982754,664.9297439698275,68.471402046849,67.74193548387096,76.51802656546488,657685
2022-11-04,64.44106238197428,-1.749210975001564,174.75820385912084,699.7582038591208,73.52837917977185,83.87096774193549,78.49462365591397,699398
2022-11-07,62.910307022326926,3.1482138222988296,115.78500658063967,777.7850065806397,96.56997858780352,100.0,83.87096774193547,819303
2022-11-08,60.41399667022908,-6.745059437967477,211.29207175316697,607.292071753167,80.84016749344144,83.87096774193549,89.24731182795698,986053
2022-11-09,58.19994438264739,-3.0386782740896194,165.0356781274986,598.0356781274986,83.55882710732128,91.93548387096774,91.93548387096773,844078
2022-11-10,58.08870967741935,-3.7591988124464217,164.74841712692069,539.7484171269207,84.71380957786407,91.93548387096774,89.24731182795698,713900
2022-11-11,60.374423963133644,2.3645728499491883,97.14163449628177,622.1416344962818,116.7205652251555,81.70731707317073,88.52609493836871,1207113
2022-11-14,62.4020737327189,6.070040316611159,47.650039372241736,717.6500393722417,114.68799845468457,93.75,89.13093364804615,1025468
2022-11-15,66.8189471818504,-1.5209695862461592,132.03503613347493,657.0350361334749,105.94623266416023,85.71428571428571,87.05720092915213,588519
2022-11-16,69.5689471818504,6.545189561002866,45.208726634053164,820.2087266340532,112.5988757976999,100.0,93.15476190476188,987599
2022-11-17,71.64025448235975,1.6510174007453777,99.61755168890522,824.6175516889052,112.14875445787045,91.66666666666666,92.46031746031746,771857
2022-11-18,71.03875072296125,-4.731875368695276,185.86977868091708,760.8697786809171,95.31506523140813,76.92307692307693,89.5299145299145,896144
2022-11-21,71.03875072296125,1.0610500762013042,105.61361672606654,795.6136167260665,87.76479158663578,92.3076923076923,86.96581196581195,761398
2022-11-22,70.19958988380043,4.60679984846863,47.61694386891759,852.6169438689176,114.77787384982977,100.0,89.74358974358974,594195
2022-11-23,71.43768512189565,-3.0249600193407806,74.61199027150724,684.6119902715072,113.06019943216785,92.3076923076923,94.87179487179486,499436
2022-11-24,72.9915698336751,1.8896967190215772,33.46310147081567,783.4631014708157,125.62607149164467,100.0,97.43589743589742,548284
2022-11-25,74.04420141262247,-1.548153061143985,84.72192155614175,779.7219215561418,114.0222159975209,92.3076923076923,94.87179487179486,494518
2022-11-28,74.49532923217133,-10.037445791942538,206.05325776015525,651.0532577601552,78.69946201916132,76.92307692307693,89.74358974358972,724138
2022-11-29,74.9498746867168,-2.0796858340203164,138.25820546908471,723.2582054690847,90.13313950868536,91.66666666666666,86.96581196581195,782853
2022-11-30,75.36395336166503,6.201699642306499,48.194957989269824,863.1949579892698,113.07088178254119,100.0,89.5299145299145,2088142
2022-12-01,75.36395336166503,1.4741357213989987,83.55140330238646,818.5514033023865,123.35714500173587,85.71428571428571,92.46031746031746,1035063
2022-12-02,75.36395336166503,-1.5900692246480186,118.55140330238646,783.5514033023865,103.03003713469106,84.61538461538461,90.1098901098901,873752
2022-12-05,76.4165849406124,-0.25657502295631485,113.39706743273928,813.3970674327393,93.01024180604588,92.3076923076923,87.54578754578752,997047
2022-12-06,74.04816388798082,-12.190423330638527,260.9109078757647,600.9109078757647,71.80616510193701,69.23076923076923,82.05128205128203,576728
2022-12-07,68.83077258363299,-22.213958830732132,440.1629732051588,345.1629732051588,7.588583503714364,38.46153846153847,66.66666666666664,990176
2022-12-08,64.02745995423341,-17.700534108786407,461.74731095675816,236.74731095675816,-30.533118464573146,30.76923076923077,46.15384615384614,1284726
2022-12-09,60.490617848970246,2.109883950059249,250.84274809261478,385.8427480926148,9.95890137661994,50.0,39.74358974358974,1093744
2022-12-12,55.13592677345538,1.746908660401143,247.45613714429237,352.45613714429237,33.3979572043574,50.0,43.589743589743584,1185313
2022-12-13,53.80869565217391,4.709103404163438,185.58286228819452,350.5828622881945,43.9720481402594,60.0,53.33333333333332,730047
2022-12-14,53.850103519668735,3.207667781384224,188.33474815684895,328.33474815684895,47.256141958227545,60.0,56.66666666666666,501240
2022-12-15,52.98053830227743,-4.210971258503541,282.1802424647958,207.1802424647958,15.601164260794755,40.0,53.33333333333332,780726
2022-12-16,51.34575569358178,-8.558137410707953,370.2463963548744,85.24639635487438,-67.0539390640463,20.0,39.99999999999999,1095263
2022-12-19,50.91097308488613,5.221643452527708,217.6428750330033,217.6428750330033,-35.29667585958711,50.0,36.66666666666666,807618
2022-12-20,48.697534349708256,7.292601127020507,172.40091511936225,262.40091511936225,16.72182907441267,60.0,43.33333333333332,624574
2022-12-21,47.78656126482214,8.28127730967367,130.45545393788052,300.4554539378805,46.04532195360076,77.77777777777779,62.59259259259259,1140188
2022-12-22,47.38801054018445,2.1391312934286084,183.38252165910671,248.38252165910671,20.097595560362272,66.66666666666666,68.14814814814814,1117169
2022-12-23,46.51844532279315,1.4172795732136247,186.18705350983146,246.18705350983146,18.31291581972155,66.66666666666666,70.37037037037037,2089453
2022-12-26,46.042254846602674,-2.2543926794230087,234.00768054383843,184.00768054383843,2.4533341597145917,62.5,65.27777777777777,1649813
2022-12-27,49.95134575569358,8.377074003721814,98.38252165910671,333.3825216591067,46.920425188148656,100.0,76.38888888888887,4837055
2022-12-28,46.43263999229622,-71.5203199407713,1547.1301955713789,-497.86980442862114,-258.71678198531816,0.8264462809917356,54.442148760330575,6172167
2022-12-29,41.4913254383056,-52.56022395235578,1877.1262502090685,-389.87374979093147,-216.8834760846191,2.127659574468085,34.318035285153265,2097846
2023-01-02,36.41013109571786,-49.09348922258712,2395.391458042526,-417.6085419574738,-185.42944153145828,0.0,0.9847019518199307,2343823
2023-01-03,30.82332944592408,-14.56422630065888,2351.70606330748,-92.29393669252022,-162.38556449353842,9.392265193370166,3.839974922612741,1245699
2023-01-04,22.767978892418547,12.768652420563242,2195.1847774895905,228.1847774895905,-123.5592106089938,18.784530386740332,9.392265193370157,1204082
2023-01-05,23.249245042289346,36.04356984673612,1917.3019521883652,580.3019521883652,-79.2616299201043,33.70165745856354,20.626151012891334,2255760
2023-01-06,26.674899641022687,44.62377268194089,1698.6688527000842,826.6688527000842,-55.7086936055644,44.751381215469614,32.412523020257815,2016042
2023-01-09,29.81812099058476,28.76405540225591,1757.0553324861103,780.0553324861103,-49.31935797994842,39.226519337016576,39.22651933701656,1541849
2023-01-10,32.638792297456376,27.069651878550005,1656.966826257274,869.9668262572741,-44.50129130938301,41.988950276243095,41.98895027624308,1395698
2023-01-11,34.11052510352165,18.326502855267876,1643.3130386497596,856.3130386497596,-41.51898079749173,39.226519337016576,40.147329650092075,1123647
2023-01-12,34.34042650663123,18.345429985368675,1520.7173680400501,928.7173680400501,-33.34001779993373,41.988950276243095,41.068139963167575,1038815
2023-01-13,34.488161933586625,30.195217943281712,1212.6514684076174,1180.6514684076174,-8.9797118586689,55.80110497237569,45.67219152854511,1573739
2023-01-16,36.206092508796814,29.625054645748772,1025.4232859675394,1328.4232859675394,18.55111440703727,64.08839779005525,53.95948434622466,2070870
2023-01-17,37.12643190376083,11.660024353229785,1055.4076248176098,1218.4076248176098,12.133022975468059,80.91603053435115,66.93517776559402,812563
2023-01-18,43.113895805047264,9.234474969550778,924.6670899858909,1247.667089985891,14.5060377063143,84.7328244274809,76.5790842506291,1004939
2023-01-19,49.93516399258094,3.8913424765522535,826.8644427769614,1214.8644427769614,24.23277653620467,84.7328244274809,83.46055979643764,665934
2023-01-20,58.36283694855579,-3.0092479086410364,777.1031393448848,1130.1031393448848,28.03824916148526,80.91603053435115,83.46055979643764,576393
2023-01-25,66.08975883802785,1.6079324330363889,587.0888766133685,1176.0888766133685,44.76579607676308,87.3015873015873,84.31681408780643,624896
2023-01-26,74.2450735955098,0.43499054017895133,464.3254813660151,1161.325481366015,60.37487343659719,86.17021276595744,84.79594353396529,823265
2023-01-27,76.79921063494095,-1.1157084843059373,296.5467368609352,1094.5467368609352,72.15724551763287,85.13513513513513,86.20231173422661,813271
2023-01-30,75.11681499065783,-14.306524717110126,488.6264573303488,904.6264573303488,53.27027728516652,60.0,77.10178263369751,658998
2023-01-31,70.10991209144014,-21.943692936731864,655.2855234177678,688.2855234177678,16.936770553113863,30.76923076923077,58.63478863478861,1101353
2023-02-01,65.12689264099248,-11.60968904099586,540.1601213398899,589.1601213398899,7.002045078159449,38.46153846153847,43.076923076923066,729449
2023-02-02,59.150702164802,-21.7976226240919,686.5421599450037,243.54215994500373,-38.010088340531944,3.125,24.118589743589734,1764434
2023-02-03,53.902863899060925,-11.079374353383965,602.5512855817651,181.55128558176511,-74.75260208728996,13.23529411764706,18.273944193061826,1021091
2023-02-06,48.94846093525357,-10.768511441255656,679.0862816914123,95.0862816914123,-103.869143717454,10.666666666666668,9.008986928104562,777383
2023-02-07,43.989818305349004,0.8963974899106315,591.9863743302485,195.9863743302485,-86.23431114879443,25.0,16.30065359477123,850445
2023-02-08,42.15492149484244,18.426088990487074,342.31767981956546,419.31767981956546,1.624207436646874,61.76470588235294,32.477124183006524,1718536
2023-02-09,40.18510258136156,1.6565353926795783,510.43200266658823,242.43200266658823,-24.38219158119384,36.76470588235294,41.17647058823528,1165185
2023-02-10,39.98715277577654,15.956499277040312,291.45903167433244,431.45903167433244,-5.102839218524522,69.11764705882352,55.88235294117646,1234049
2023-02-13,43.344405213050756,15.120877153375801,222.01226688003408,487.0122668800341,48.88159370415059,80.88235294117648,62.2549019607843,1140422
2023-02-14,46.25020231450003,2.255197547053669,322.0122668800341,387.0122668800341,24.43701125164653,66.17647058823529,72.05882352941175,1311636
2023-02-15,44.57392026321798,-16.84321225717727,575.2272824276042,142.22728242760422,-61.36012243051202,28.125,58.39460784313724,1382272
2023-02-16,44.18659631955601,-12.005198509659914,589.6194686214585,150.6194686214585,-84.68843246656061,25.0,39.76715686274508,1150165
2023-02-17,43.03598311850875,-5.792262006478647,552.2227307014928,190.22273070149276,-67.32170563358999,28.57142857142857,27.232142857142843,622544
2023-02-20,42.11929797028667,-1.5827477705546178,510.1792661312138,223.1792661312138,-63.19957014293413,31.746031746031743,28.439153439153426,499154
2023-02-21,42.135021240726914,1.1539979111780971,472.381740922212,253.38174092221197,-51.32056002333986,34.92063492063492,31.74603174603173,514503
2023-02-22,44.291552772258456,-5.474750426447917,549.2156157736099,158.2156157736099,-68.99507030847293,17.46031746031746,28.042328042328023,736602
2023-02-23,47.176168156873835,4.722541365540194,388.21708320055404,257.21708320055404,-33.83229856359016,34.92063492063492,29.100529100529084,832953
2023-02-24,49.94041405053942,5.775447477898936,292.32170419734575,260.32170419734575,-14.866545656251919,37.704918032786885,30.02862347124641,763033
2023-02-27,51.252142445601145,5.495707778382523,245.1808959821392,273.1808959821392,-5.359388883608092,32.075471698113205,34.900341550511655,712185
2023-02-28,52.14382658256831,13.95547966187426,102.61693374302922,437.6169337430292,56.40983892747518,62.264150943396224,44.01484689143209,1538500
2023-03-02,53.61229505103678,6.996073089172397,130.9880836089378,419.9880836089378,71.67502968275679,58.490566037735846,50.943396226415075,1264501
2023-03-03,51.09092752966926,-8.640721055883358,319.033357352615,219.03335735261498,4.028675015745994,22.641509433962266,47.798742138364766,1043257
2023-03-06,47.617273628143195,-2.073514280153133,260.00956920456156,268.00956920456156,12.925776101341881,37.5,39.54402515723269,1214537
2023-03-07,44.64212742931279,-7.455873289825758,342.58396582565,159.58396582565,-31.741505821651575,25.71428571428571,28.618598382749312,709007
2023-03-08,43.4569422441276,-12.370723377500632,470.5793341722165,57.57933417221648,-95.982311961097,5.0,22.738095238095223,1117084
2023-03-09,41.012497799683146,-8.410411689805922,481.42659940678277,65.42659940678277,-105.01804255718834,2.4390243902439024,11.051103368176525,1008881
2023-03-10,40.78561357279892,-12.477466996756316,633.9958947098748,-9.004105290125153,-152.27540029232068,11.666666666666666,6.368563685636842,1283101
2023-03-13,40.769803296119086,-4.741687396517612,595.690045469386,45.69004546938595,-134.6348678254976,20.3125,11.47273035230351,833563
2023-03-14,38.84760649978041,-19.997136614357487,903.8049699460516,-155.19503005394836,-175.04372757668705,1.2195121951219512,11.06622628726286,1368674
2023-03-15,36.77689942907334,-6.059914507631953,848.7643005792615,-34.235699420738456,-139.098366041461,7.317073170731707,9.616361788617871,1476191
2023-03-16,33.32801054018445,-2.621864092511151,914.5879161070043,4.5879161070042755,-147.14247386535985,9.090909090909092,5.875831485587569,1166819
2023-03-17,32.21016542233934,10.653848976406644,786.937680611094,174.93768061109404,-97.07088171404746,23.863636363636363,13.423872875092373,1680207
2023-03-20,30.327226443509943,1.933805874914551,925.7404580486836,106.74045804868365,-99.54091416426486,9.090909090909092,14.015151515151501,962130
2023-03-21,29.778351944589197,11.788792377061625,805.8888121848395,250.88881218483948,-83.48411462878741,21.59090909090909,18.181818181818166,704236
2023-03-22,28.891204609166,14.235641350033372,727.082755324267,332.08275532426705,-52.34248123378038,29.761904761904763,20.147907647907633,873015
2023-03-23,30.276601434562828,11.240322828414579,717.773931577387,351.773931577387,-59.85572737667634,30.864197530864196,27.405670461226,805372
2023-03-24,29.321992690480393,0.49812326327765843,828.4759171188707,255.4759171188707,-67.49133236558444,16.216216216216218,25.61410616966171,887396
2023-03-27,29.441583905962023,0.7785565864994506,819.9263229135122,264.9263229135122,-77.88836473018812,15.151515151515152,20.74397629953184,652126
2023-03-28,32.25537245948338,11.780347223175479,628.0879970249534,418.08799702495344,-40.61330004950131,43.859649122807014,25.075793496846114,633420
2023-03-29,35.83482748721427,18.687668866878717,389.8722735734991,544.8722735734991,7.350079385683092,95.34883720930233,51.453333827874815,920419
2023-03-30,39.158684393160726,9.222261075278093,341.72231519732486,463.72231519732486,20.923296127160214,82.22222222222221,73.81023618477717,960329
2023-03-31,44.96732363833248,18.68786530287514,116.79878206059402,665.798782060594,66.97327878344575,100.0,92.52368647717482,1235422
2023-04-03,51.09430776531661,-3.915746326526685,271.5174093496789,415.5174093496789,45.772289534421034,62.06896551724138,81.43039591315451,1018374
2023-04-04,55.247057362111775,1.7991935041924787,145.75938721245802,486.759387212458,56.44072635119778,77.58620689655173,79.88505747126436,632478
2023-04-05,57.710252062148584,-5.0343365410483845,196.41739363796842,409.4173936379684,65.71798265103149,64.28571428571429,67.98029556650245,615639
2023-04-06,57.824156225542154,-12.98153881035174,298.95130707417593,274.95130707417593,12.840118325377087,41.07142857142857,60.98111658456484,726182
2023-04-07,58.58063946399882,1.1556061098312718,147.03460501508198,437.034605015082,46.960712476731835,69.64285714285714,58.333333333333314,490889
2023-04-10,57.647306130665484,-4.155942900846782,204.6544339933571,376.6544339933571,57.74770061614328,58.92857142857143,56.54761904761903,487661
2023-04-11,56.67437109535382,2.2428915395512936,128.2216164473084,443.2216164473084,74.50033153464629,75.0,67.85714285714283,640221
2023-04-12,56.16565503769375,2.877485217276382,108.46746892295596,467.46746892295596,85.4709175072671,82.14285714285714,72.0238095238095,740912
2023-04-13,58.88951012996988,6.879282656733608,39.61598141943068,548.6159814194307,108.31065973869899,100.0,85.71428571428571,1067357
2023-04-14,60.007231118658616,3.8316451348508647,57.982259460246496,567.9822594602465,124.57721262138858,88.67924528301887,90.27403414195867,815123
2023-04-17,61.45855006350274,0.34564727906490056,77.62165955010823,535.6216595501082,101.90440031555936,85.71428571428571,91.46451033243484,627774
2023-04-18,61.76143544529774,-1.9567990973350256,101.9682372092011,518.9682372092011,86.7587540190726,85.71428571428571,86.70260557053007,613265
2023-04-19,62.616467292431494,0.4367994780273179,76.93562115399982,572.9356211539998,107.10904699342998,93.33333333333333,88.25396825396824,744383
2023-04-20,60.822114855877224,1.180079637488264,66.35951105758431,616.3595110575843,108.86843714169255,97.91666666666666,92.32142857142854,772111
2023-04-21,60.98195501571738,-4.258094533940763,115.11268941010348,530.1126894101035,87.46803624247691,89.58333333333334,93.61111111111109,772086
2023-04-24,60.41799239271235,-8.17048828489784,149.19650214384274,412.19650214384274,77.67457947670745,79.16666666666666,88.88888888888887,574960
2023-04-25,62.12628899375064,-5.159246343121703,124.24819898384521,407.2481989838452,86.48887074954499,85.41666666666666,84.72222222222219,711911
2023-04-26,63.55628899375064,-11.356208396368011,227.67511223166002,296.67511223166,32.42349234515661,64.58333333333334,76.38888888888887,838140
2023-04-27,64.36362844329193,-8.93407019436677,237.18185683728916,269.18185683728916,20.83989043986413,52.63157894736842,67.54385964912278,528216
2023-04-28,64.17737401974937,-6.321669971302477,233.9481985187449,269.9481985187449,13.976021068571798,50.0,55.73830409356723,1173036
2023-05-02,63.988056913596566,-4.988908447649779,240.62935110718354,239.62935110718354,2.961402603044238,38.70967741935484,47.11375212224107,586957
2023-05-03,59.12214163959734,-12.812990796212581,394.01161276770836,100.01161276770836,-60.97817421159919,2.857142857142857,30.52227342549922,1321668
2023-05-04,54.12214163959734,0.22819140212807998,270.62863552411363,204.62863552411363,-39.372980197838686,37.142857142857146,26.23655913978493,636226
2023-05-08,51.83642735388305,5.879680992912019,166.79486348583305,227.79486348583305,8.548042987441098,60.0,33.333333333333314,732527
2023-05-09,48.6160883708322,5.313439737749425,146.04347932471137,228.04347932471137,24.27454205272726,65.71428571428571,54.285714285714256,397617
2023-05-10,46.45138248847927,1.5057947822921174,159.0762809406042,159.0762809406042,1.495204346719243,57.14285714285714,60.95238095238093,581398
2023-05-11,46.635714285714286,0.32990828065174416,163.02667140781705,131.02667140781705,13.712483325653745,54.285714285714285,59.04761904761903,766350
2023-05-12,45.461471861471864,-0.41190629835219883,170.09647371485335,111.09647371485335,-34.96853357032984,51.42857142857142,54.285714285714256,803393
2023-05-15,44.70241002778316,2.9872327872375015,121.39563139915845,160.39563139915845,-1.9544933313309696,67.64705882352942,57.787114845938355,491858
2023-05-16,44.07741002778316,0.5005481144396255,140.09647371485335,141.09647371485335,33.58174905652899,61.76470588235294,60.28011204481791,707261
2023-05-17,42.914910027783165,-1.7169817645045102,167.83958773613085,113.83958773613085,-4.798971839202114,60.0,63.13725490196077,558903
2023-05-18,45.772052884926026,4.650645592539955,82.3288452989691,204.3288452989691,42.01582480000969,90.0,70.58823529411762,504975
2023-05-19,50.43510127931769,5.844055662045505,37.96632086504542,256.9663208650454,100.43677966424438,94.11764705882352,81.37254901960783,756262
2023-05-22,54.897598917708024,10.738429284066441,-53.6230051515995,395.3769948484005,175.79475245939682,86.27450980392157,90.13071895424837,1124058
2023-05-23,58.29368325505742,2.3552096396513287,14.447967274183611,354.4479672741836,151.37339606995334,76.47058823529412,85.62091503267972,571374
2023-05-24,65.90881483400479,5.229245138055548,-23.40779234861293,454.59220765138707,139.52636805619838,92.0,84.91503267973854,449047
2023-05-25,67.90490093967995,-4.148769271975638,80.81805509063634,368.81805509063634,96.1147598075026,69.76744186046511,79.4126766985864,629080
2023-05-26,67.55015294054517,-6.665178266888976,131.79492161983944,323.79492161983944,72.20741919197268,56.41025641025641,72.72589942357382,358684
2023-05-30,66.76401036892625,0.3716527935989484,66.39397169563381,412.3939716956338,92.68008198951782,79.48717948717949,68.55495925263365,784160
2023-05-31,65.42149746014829,-8.033288799929025,181.80726251445412,292.8072625144541,63.179155934436224,51.28205128205128,62.39316239316238,1796979
2023-06-01,60.1553827351335,-9.703507964746565,241.69547119206436,222.69547119206436,14.27868052423044,35.8974358974359,55.555555555555536,649108
2023-06-02,58.48330252047456,-0.6610952967415009,136.2129519032096,263.2129519032096,30.450869891282693,57.89473684210527,48.35807467386413,563661
2023-06-05,58.08860625158773,0.5833899819959649,117.15451575774387,260.15451575774387,60.12833176411784,58.82352941176471,50.87190071710194,557468
2023-06-07,57.62197575782754,3.2554841873623803,80.27274546545777,302.2727454654578,71.50612232353377,73.52941176470588,63.415892672858604,872589
2023-06-08,58.824983276624536,2.2076440426710713,83.7630138885379,305.7630138885379,66.85742449450798,75.0,69.11764705882352,708810
2023-06-09,60.26068864491418,3.345355426229002,59.94419598032073,334.9441959803207,92.48294303603919,85.18518518518519,77.90486564996367,582249
2023-06-12,60.27281720767949,1.3184262468706447,71.08728254003472,318.0872825400347,91.90322811111955,79.3103448275862,79.83184333759044,444932
2023-06-13,59.57292918976236,1.878448156005493,52.00072906400237,327.00072906400237,79.65460657491299,89.65517241379311,84.71690080885482,537267
2023-06-14,57.657980736154116,-5.546367320000347,141.35666807942107,218.35666807942107,52.339272307586214,58.620689655172406,75.86206896551722,659886
2023-06-15,53.82640178878569,-6.086882300611437,162.9982240781501,162.9982240781501,14.024359874511738,48.275862068965516,65.51724137931033,673761
2023-06-16,51.898297213622286,-2.908419815494383,124.12439770063611,142.1243977006361,37.303000581602205,55.172413793103445,54.0229885057471,1298792
2023-06-19,51.34571254339056,-0.7498488728661257,99.24767078498553,142.24767078498553,24.81412381556582,62.06896551724138,55.17241379310343,811721
2023-06-20,50.21141127297314,-1.256502903439014,108.001144159065,122.001144159065,4.989506808968182,58.620689655172406,58.62068965517239,449449
2023-06-21,50.94180342983588,-3.40424484745623,144.01959152085874,85.01959152085874,-50.83440546001021,44.827586206896555,55.17241379310343,415238
2023-06-22,55.2030279196318,0.5597012617747854,105.01959152085874,124.01959152085874,-28.435580456087155,53.84615384615385,52.431476569407586,407770
2023-06-23,53.75506411872683,-7.170976554078702,221.19698584781509,18.196985847815085,-98.82092452288514,0.0,32.891246684350115,689813
2023-06-26,52.367504310114384,0.5261632640745875,150.933427777818,89.933427777818,-89.8387417021334,43.333333333333336,32.39316239316238,490618
2023-06-27,51.76893566990619,1.534048313613087,140.51715398824308,96.51715398824308,-41.23306160336227,46.666666666666664,29.999999999999982,315646
2023-06-28,50.95803503846717,5.95102631854289,71.77412036763417,166.77412036763417,33.993837932731005,70.0,53.333333333333314,537572
2023-06-29,45.54386937220066,-4.332943728263646,202.6299255880058,38.62992558800579,-52.86780093139901,26.666666666666668,47.77777777777775,510264
2023-06-30,46.453813087022425,6.7120971436245656,57.384743695056386,154.3847436950564,15.838070769463487,75.86206896551724,57.50957854406128,716174
2023-07-03,46.74689874233719,8.19526899088372,12.91122194543641,213.9112219454364,123.18683696019701,96.55172413793103,66.36015325670496,650355
2023-07-04,47.92839020684752,-0.24024224618951034,94.67936764982733,129.67936764982733,59.8353163865862,68.96551724137932,80.45977011494251,549262
2023-07-05,47.64395615268816,-4.239014674128911,153.693956697236,73.69395669723599,-14.820895299768873,48.275862068965516,71.26436781609193,673705
2023-07-06,48.45050557658143,-10.343054445593012,284.75547209661636,-17.24452790338364,-143.13158306465914,15.625,44.288793103448256,1391991
2023-07-07,46.57319589439369,-8.48860430316543,332.45660265997867,-23.54339734002133,-177.89719717618632,20.51282051282051,28.137894193928656,995278
2023-07-10,45.323473363872054,0.8289135939004275,244.31292690293776,66.31292690293776,-110.89848217844883,41.02564102564102,25.721153846153825,582092
2023-07-11,44.80500429400111,4.761159256890182,176.2257770362703,114.2257770362703,-54.76153586516044,53.84615384615385,38.461538461538446,517076
2023-07-12,44.443756346546266,5.101034153209661,152.61618120186904,135.61618120186904,-34.224182666250165,58.97435897435898,51.28205128205126,639078
2023-07-13,46.84121192891082,4.436190832770434,142.0175427910708,146.0175427910708,28.00160399965696,61.53846153846154,58.119658119658105,729132
2023-07-14,50.096444668679645,9.548117189661548,52.0463733416218,249.0463733416218,80.63649498764187,87.17948717948718,69.23076923076921,1043089
2023-07-17,51.22852014037776,-0.5160493585922117,147.80577238378828,149.80577238378828,18.348952617098824,61.53846153846154,70.08547008547008,593801
2023-07-18,50.02741249067198,-6.161831106723831,235.0743994529239,70.0743994529239,-33.087371944917635,38.46153846153847,62.39316239316238,853991
2023-07-19,50.29526963352912,-2.9846598489355887,224.40482926924597,87.40482926924597,-51.926109134011334,41.02564102564102,47.00854700854699,436534
2023-07-20,47.30134866088474,-2.733478796166678,240.21523655839883,77.21523655839883,-84.11292043667531,35.8974358974359,38.461538461538446,507156
2023-07-21,44.30686292604897,3.9731074035017535,160.5667873228067,151.5667873228067,-37.280721108704185,57.89473684210527,44.93927125506071,505836
2023-07-24,42.4463978097699,-2.227401951470288,240.52545297438337,80.52545297438337,-56.082149832409186,36.84210526315789,43.544759334233,528299
2023-07-25,43.084505797275476,1.043058128519946,208.2372788457269,115.2372788457269,-40.93913383397082,44.73684210526316,46.49122807017542,775219
2023-07-26,44.251743240197854,2.417798447020333,176.43183395992128,135.43183395992128,-58.57542380827786,50.0,43.85964912280699,1777864
2023-07-27,49.72793371638833,13.375764383338986,20.571793805729612,320.5717938057296,80.56127070537734,97.2972972972973,64.01137980085348,1898234
2023-07-28,54.088398832667394,7.399207388561003,38.34893639718939,314.3489363971894,70.20606157702329,94.5945945945946,80.63063063063062,1087834
2023-07-31,58.0541271068412,4.506565601622931,26.009839867341725,323.0098398673417,121.80547057931362,92.3076923076923,94.73319473319471,967162
2023-08-01,61.75464345795997,8.155464276574152,-35.42084275531306,444.57915724468694,143.72813060353647,100.0,95.63409563409562,1263831
2023-08-02,64.05416631466306,7.398308235215641,-40.76813813782792,530.2318618621721,178.01959130256108,81.25,91.18589743589742,1325364
2023-08-03,61.146364896223346,-6.946651262026969,122.00809910167663,367.00809910167663,102.93074853800263,57.8125,79.68749999999999,955969
2023-08-04,61.03766924404944,-0.960591341992127,61.987699338103994,428.987699338104,98.1866477821105,70.3125,69.79166666666664,552404
2023-08-07,62.66734584519084,-2.3265278825100157,83.58812160161506,420.58812160161506,91.46791027508146,70.3125,66.14583333333331,526383
2023-08-08,63.6197267975718,-1.84187971268621,87.41790696279895,437.41790696279895,96.05791811193906,73.4375,71.35416666666664,520197
2023-08-09,64.00835865480907,-4.685765406906378,133.57389535170114,401.57389535170114,78.31300660429031,68.75,70.83333333333331,527926
2023-08-10,65.48758864467736,-8.817974009931383,209.52540117910576,323.52540117910576,47.73763745138815,57.8125,66.66666666666664,705583
2023-08-11,66.34303754360452,-5.862843645530345,203.62997633708437,332.6299763370844,43.40495144465237,59.375,61.97916666666665,454156
2023-08-14,65.85485103132162,-2.4361165602028865,182.62997633708437,353.6299763370844,48.9803971064251,64.0625,60.41666666666665,463395
2023-08-16,64.77259994907054,-3.355120547576424,201.89729613894815,307.89729613894815,24.45778632523813,46.808510638297875,56.748670212765944,547286
2023-08-17,61.79220779220778,-1.8367087691051904,189.89222336138664,290.89222336138664,14.735536944267215,48.93617021276596,53.26906028368793,721435
2023-08-18,60.88744588744588,-0.7805133473938901,171.65252993212926,264.65252993212926,25.925080714271708,37.83783783783784,44.52750622963387,596118
2023-08-21,58.307359307359306,-1.3439680213200786,179.22930518185058,233.22930518185058,26.838005104836125,35.13513513513514,40.636381061912964,510453
2023-08-22,54.494568324757005,0.939072231753878,130.7303953381779,214.7303953381779,30.355857096167256,43.24324324324324,38.738738738738725,445684
2023-08-23,50.998064828253504,3.6080660047653472,63.9849615983203,215.9849615983203,51.48140029815129,84.0,54.12612612612611,489207
2023-08-24,52.96297710895526,1.2654182853524027,43.706147523755135,146.70614752375513,82.64513568574509,83.33333333333334,70.19219219219218,390370
2023-08-25,55.74075488673304,9.941378130257249,-61.29937107073965,315.70062892926035,165.04919655365657,94.5945945945946,87.3093093093093,925017
2023-08-28,59.35980250578066,7.815351936699013,-55.640204425790216,370.3597955742098,200.95697681463975,92.85714285714286,90.26169026169025,499159
2023-08-29,65.09825403473317,10.499666688867945,-94.26177609589467,510.7382239041053,201.14553475963302,87.71929824561403,91.72367856578381,727557
2023-08-30,69.61748480396393,-1.1964063559176186,27.29777326851581,430.2977732685158,145.45453519278874,71.9298245614035,84.16875522138679,570101
2023-08-31,72.79235746949874,0.40803214852417113,13.63286264117778,495.6328626411778,132.03197787135466,80.7017543859649,80.11695906432745,909758
2023-09-01,74.75228460975374,-1.8614198124771404,46.666460650929366,492.66646065092937,104.99918810401209,80.7017543859649,77.77777777777776,621375
2023-09-04,76.64304091227476,3.136909279327587,0.10524493997036188,608.1052449399704,116.7852046511512,98.24561403508771,86.54970760233914,477671
2023-09-05,78.13729378583797,-0.34216034993702227,45.454232837164454,615.4542328371645,114.89863035002185,98.24561403508771,92.39766081871342,369896
2023-09-06,81.19888798873652,-0.017067897084356964,53.56438899119712,663.5643889911971,114.5729949275786,90.47619047619048,95.65580618212194,468617
2023-09-07,81.00887473199768,-5.620899628701841,134.74036879281266,606.7403687928127,79.21963359240769,81.03448275862068,89.91876242329961,696536
2023-09-08,81.47370145953451,-1.2325834885777534,100.35994033352836,660.3599403335284,93.51087389332805,92.98245614035088,88.16437645838732,422842
2023-09-11,81.96389753796589,6.000500690280592,20.208616280639035,795.208616280639,115.61050075929529,100.0,91.3389796329905,828817
2023-09-12,79.02272106737765,-9.626928466820274,208.32825863126163,598.3282586312616,84.82525037305632,71.1864406779661,88.05629893943897,819833
2023-09-13,76.86629927827221,1.4634010807885147,95.59029593767809,723.5902959376781,88.9265820299745,96.61016949152543,89.26553672316383,701862
2023-09-14,75.61349728574419,4.464483136931462,53.51876320840165,791.5187632084017,116.99587790525116,97.95918367346938,88.5852646143203,988165
2023-09-15,74.52907587639504,13.71506392679218,-66.15387144917077,1001.8461285508292,150.39357908336447,91.66666666666666,95.4120066105538,2656754
2023-09-18,72.51758162352147,5.306690254382353,1.839302502814462,978.8393025028145,145.5575940904632,83.54430379746836,91.0567180458681,1284467
2023-09-19,74.9989879791672,5.4040110026828465,-11.621962778433954,1048.378037221566,135.24783833986643,92.5925925925926,89.26785435224252,919645
2023-09-20,76.61500200605204,3.795174662622614,-0.8024755185342656,1100.1975244814657,133.56039575444507,96.47058823529412,90.869161541785,907674
2023-09-21,78.25136564241568,-3.274596465222068,74.1702922455097,1037.1702922455097,122.17856708068187,92.7710843373494,93.94475505507869,1039273
2023-09-22,78.35449434424831,-8.28369006425781,153.63715149510244,976.6371514951024,95.08068232456183,88.46153846153845,92.56773701139396,644235
2023-09-25,78.9205608685083,-9.167019188616546,195.1651035539271,942.1651035539271,90.58910531426882,88.46153846153845,89.89805375347542,886116
2023-09-26,74.8618124649323,-25.904322513351243,461.3339441036205,649.3339441036205,44.19841262239919,55.12820512820513,77.35042735042732,1309724
2023-09-27,71.31789875152705,-17.18061297454438,437.43388148840313,615.4338814884031,25.12406715718249,54.166666666666664,65.91880341880339,817500
2023-10-04,66.55877466393582,-19.720005815097252,546.2510717571913,451.2510717571913,-7.7630677043461365,34.78260869565217,48.02582683017463,1065003
2023-10-05,61.49882604846338,-13.186412019014487,540.8001965377389,393.8001965377389,-22.86263116676092,33.33333333333333,40.76086956521737,674219
2023-10-06,59.85422944617669,11.485039508769498,255.77669352338307,656.7766935233831,40.18642457201741,76.81159420289855,48.30917874396133,953201
2023-10-10,60.60930710448016,8.5530322367131,246.80013686837992,633.8001368683799,66.02458765323178,76.27118644067797,62.138704658969935,1222361
2023-10-11,60.54870104387411,8.237394115800816,212.23505596563882,644.2350559656388,70.24466286413781,84.7457627118644,79.2761811184803,1524445
2023-10-12,61.45068227432249,12.750300266637401,105.15140717677968,724.1514071767797,90.43633006455124,96.92307692307692,85.98000869187308,1055786
2023-10-13,64.46768652538526,17.471303358773262,-5.304653182065522,870.6953468179345,126.33907053896152,88.88888888888889,90.18590950794338,1796460
2023-10-16,64.01604418961884,13.739137868298073,-6.103537691382371,952.8964623086176,140.58369973046476,97.77777777777777,94.5299145299145,1281523
2023-10-17,63.63314358641926,4.234845444933074,50.18205985521672,877.1820598552167,127.88510178291472,88.65979381443299,91.7754868270332,1141632
2023-10-18,65.02053097380664,16.490163218144176,-106.89388209117533,1156.1061179088247,152.42245157224212,98.26086956521739,94.89948038580935,1886689
2023-10-19,65.79692848933459,-4.244763266065981,110.29919883089497,974.299198830895,116.05788902066216,84.34782608695653,90.42282982220229,1165676
2023-10-20,65.53788857407628,-6.90828028791247,167.2852471859096,973.2852471859096,92.55906341564827,84.34782608695653,88.9855072463768,1089300
2023-10-23,65.7462219074096,-21.70215224094896,395.6144852709749,744.6144852709749,55.36940080529628,66.08695652173913,78.26086956521738,1259790
2023-10-24,66.05608538340286,-19.66157723994889,457.4328919430627,683.4328919430627,43.218631621976435,61.73913043478261,70.7246376811594,768796
2023-10-25,66.11967838817233,-10.322537818260502,413.0826027624189,737.0826027624189,34.734110178784114,66.95652173913044,64.92753623188405,598627
2023-10-26,66.0575665869301,-17.93483207905937,575.9099507579085,571.9099507579085,7.359414349386296,46.0,58.231884057971,869449
